Table S29. Locations and lineage characteristics of TreeBreaked clades. For each drug and each node_id of the clade root the number of resistant and susceptible isolates and the number of isolates for which the sampling location is known are presented. The last two columns present Bonferroni-corrected p-values of association of each clade with locations and lineages.						
Drug	Node_ID	R	S	Location is known	Location p-value	Lineage p-value
Ciprofloxacin	Node164	4	0	2	1.0	0.0
Ciprofloxacin	Node8072	2	0	1	1.0	1.0
Ciprofloxacin	Node5886	2	0	1	1.0	0.7673
Ciprofloxacin	Node5497	5	0	5	1.0	0.0
Ciprofloxacin	Node10955	4	0	2	1.0	0.00679
Ciprofloxacin	Node5619	7	0	0	1.0	0.0
Ciprofloxacin	Node11297	2	0	1	1.0	1.0
Ciprofloxacin	Node7634	2	0	1	1.0	1.0
Ciprofloxacin	Node7971	6	0	3	1.0	0.1426
Ciprofloxacin	Node11278	4	0	2	1.0	0.02716
Ciprofloxacin	Node7601	4	0	2	1.0	1.0
Ciprofloxacin	Node6892	22	3	10	0.0679	0.0
Ciprofloxacin	Node7154	2	0	1	1.0	1.0
Ciprofloxacin	Node7461	2	0	1	1.0	1.0
Ciprofloxacin	Node6655	4	0	2	1.0	0.0
Ciprofloxacin	Node6826	6	0	3	1.0	0.0
Ciprofloxacin	Node6716	2	0	1	1.0	1.0
Ciprofloxacin	Node6806	3	0	0	1.0	0.1018
Prothionamide	Node9602	155	166	321	1.0	0.0
Ethionamide	Node6260	160	233	64	0.0	0.0
Ethionamide	Node6168	3	1	0	1.0	0.0
Ethionamide	Node7461	2	0	1	1.0	1.0
Ethionamide	Node4843	10	5	0	1.0	0.0
Ethionamide	Node2429	93	21	1	1.0	0.0
Ethionamide	Node1956	14	10	2	1.0	0.0
Ethionamide	Node1134	3	0	0	1.0	0.0
Ethionamide	Node5663	5	0	0	1.0	0.0
Ethionamide	Node1667	2	0	0	1.0	1.0
Ethionamide	Node3541	0	7	0	1.0	0.0
Ethionamide	Node164	4	0	2	1.0	0.0
Ethionamide	Node2435	0	6	1	1.0	0.0
Kanamycin	Node6655	4	0	2	1.0	0.0
Kanamycin	Node6826	6	0	3	1.0	0.0
Kanamycin	Node6987	16	0	8	0.0	0.0
Kanamycin	Node7971	6	0	3	1.0	0.0
Kanamycin	Node11229	6	0	3	1.0	0.0
Kanamycin	Node10955	4	0	2	1.0	0.0
Kanamycin	Node10570	60	5	59	0.0	0.0
Kanamycin	Node1134	5	0	0	1.0	0.0
Kanamycin	Node5687	5	5	9	1.0	0.0
Kanamycin	Node10453	2	0	0	1.0	1.0
Kanamycin	Node5886	2	0	1	1.0	1.0
Kanamycin	Node10576	1	3	0	1.0	0.02037
Kanamycin	Node5664	4	0	0	1.0	0.02037
Kanamycin	Node164	4	0	2	1.0	0.0
Kanamycin	Node4842	12	3	0	1.0	0.0
Kanamycin	Node1728	2	0	2	1.0	1.0
Kanamycin	Node2197	2	0	0	1.0	1.0
Kanamycin	Node8841	5	0	0	1.0	0.9099
Kanamycin	Node10176	10	0	0	1.0	0.00679
Kanamycin	Node8684	7	0	7	1.0	0.04753
Kanamycin	Node3270	14	6	1	1.0	0.0
Kanamycin	Node2124	5	0	0	1.0	0.0
Kanamycin	Node9208	26	7	33	0.01358	0.0
Kanamycin	Node3944	3	0	3	1.0	0.7469
Moxifloxacin	Node5473	251	945	583	0.1562	0.0
Moxifloxacin	Node6260	195	457	467	1.0	0.0
Moxifloxacin	Node10571	52	12	59	0.0	0.0
Moxifloxacin	Node10957	2	0	2	1.0	0.516
Moxifloxacin	Node1135	2	0	0	1.0	0.02037
Moxifloxacin	Node8363	104	396	372	0.0	0.0
Moxifloxacin	Node8905	100	290	359	0.0	0.0
Moxifloxacin	Node164	2	0	2	1.0	0.5025
Moxifloxacin	Node8498	2	0	1	1.0	1.0
Moxifloxacin	Node3944	3	0	3	1.0	0.5025
Amikacin	Node1134	4	0	0	1.0	0.0
Amikacin	Node164	4	0	2	1.0	0.0
Amikacin	Node8353	237	624	481	0.0	0.0
Amikacin	Node8067	8	7	4	0.0	0.0
Amikacin	Node8359	161	616	417	0.0	0.0
Amikacin	Node11229	6	0	3	0.1358	0.0
Amikacin	Node7967	6	1	3	0.1698	0.0
Amikacin	Node10955	4	0	2	1.0	0.0
Amikacin	Node7236	8	3	4	0.0	0.0
Amikacin	Node5687	5	5	9	0.0	0.0
Amikacin	Node5886	2	0	1	1.0	1.0
Amikacin	Node3268	22	7	1	1.0	0.0
Amikacin	Node7154	2	0	1	1.0	1.0
Amikacin	Node8908	145	513	403	0.0	0.0
Amikacin	Node10176	5	0	0	1.0	1.0
Amikacin	Node5664	3	0	0	1.0	0.04074
Amikacin	Node6655	4	0	2	1.0	0.0
Amikacin	Node7114	4	0	2	1.0	0.0
Amikacin	Node6826	6	0	3	0.1086	0.0
Amikacin	Node6716	2	0	1	1.0	0.00679
Amikacin	Node6987	16	0	8	0.0	0.0
Amikacin	Node9205	31	16	33	0.0	0.0
Amikacin	Node8684	7	0	7	0.01358	1.0
Amikacin	Node4842	5	3	0	1.0	0.0
Amikacin	Node9559	14	180	189	0.0	0.0
Amikacin	Node3944	3	0	3	1.0	0.1562
Capreomycin	Node5687	6	3	9	0.0	0.0
Capreomycin	Node7971	6	0	3	0.1086	0.0
Capreomycin	Node5664	4	0	0	1.0	0.0
Capreomycin	Node3268	23	6	1	1.0	0.0
Capreomycin	Node3437	14	8	0	1.0	0.0
Capreomycin	Node2124	5	1	0	1.0	0.0
Capreomycin	Node8682	6	2	7	0.00679	1.0
Capreomycin	Node10176	7	3	0	1.0	0.6518
Capreomycin	Node9208	28	5	33	0.0	0.0
Capreomycin	Node9854	3	0	3	1.0	1.0
Capreomycin	Node9324	11	3	0	1.0	0.00679
Ofloxacin	Node5473	464	1476	668	0.1018	0.0
Ofloxacin	Node5687	7	4	9	0.0	0.0
Ofloxacin	Node6257	310	789	530	0.3191	0.0
Ofloxacin	Node10564	63	14	59	0.0	0.0
Ofloxacin	Node1434	5	5	0	1.0	0.0
Ofloxacin	Node1031	9	4	0	1.0	0.0
Ofloxacin	Node164	2	0	2	1.0	0.292
Ofloxacin	Node6891	13	9	11	0.0	0.0
Ofloxacin	Node3255	18	16	1	1.0	0.0
Ofloxacin	Node3530	7	2	0	1.0	0.0
Ofloxacin	Node6923	0	8	0	1.0	0.0
Ofloxacin	Node3438	19	2	0	1.0	0.0
Ofloxacin	Node3398	19	3	0	1.0	0.0
Ofloxacin	Node9208	30	16	33	0.0	0.0
Ofloxacin	Node9306	10	157	23	1.0	0.0
Ofloxacin	Node3944	3	0	3	1.0	0.2444
Streptomycin	Node479	7	0	4	1.0	0.0
Streptomycin	Node934	3	0	0	1.0	0.4889
Streptomycin	Node1119	2	0	0	1.0	0.7265
Streptomycin	Node164	4	0	2	0.2512	0.0
Streptomycin	Node905	4	0	0	1.0	0.06111
Streptomycin	Node4091	73	114	98	0.0	0.0
Streptomycin	Node1572	2	0	0	1.0	0.8691
Streptomycin	Node8351	994	489	815	0.0	0.0
Streptomycin	Node1925	5	0	4	0.01358	0.0
Streptomycin	Node3732	3	1	0	1.0	0.0
Streptomycin	Node10904	5	1	0	1.0	0.0
Streptomycin	Node2435	28	235	209	0.0	0.0
Streptomycin	Node5256	3	0	0	1.0	1.0
Streptomycin	Node4293	24	0	18	0.0	0.0
Streptomycin	Node4274	5	0	5	1.0	0.0
Streptomycin	Node10570	60	4	59	0.0	0.0
Streptomycin	Node5757	4	1	0	1.0	0.0
Streptomycin	Node2154	6	0	0	1.0	0.0
Streptomycin	Node5723	3	0	3	0.01358	0.05432
Streptomycin	Node7971	6	0	3	0.02037	0.0
Streptomycin	Node5691	7	0	7	0.0	0.0
Streptomycin	Node3267	11	6	1	1.0	0.0
Streptomycin	Node3392	48	0	0	1.0	0.0
Streptomycin	Node10357	0	7	1	1.0	0.1018
Streptomycin	Node8374	0	32	1	1.0	0.0
Streptomycin	Node10820	3	0	0	1.0	0.05432
Streptomycin	Node6987	14	3	9	0.0	0.0
Streptomycin	Node7601	4	0	2	0.292	0.0
Streptomycin	Node5032	7	0	7	1.0	0.0
Streptomycin	Node8868	1	10	11	0.3802	0.0
Streptomycin	Node4623	8	1	0	1.0	0.0
Streptomycin	Node5047	4	0	4	0.0	0.04753
Streptomycin	Node9293	504	161	431	0.0	0.0
Streptomycin	Node8614	1	13	0	1.0	0.0
Streptomycin	Node2267	18	0	14	0.0679	0.0
Streptomycin	Node10219	0	7	7	0.02716	0.07469
Streptomycin	Node8567	0	11	0	1.0	0.0
Streptomycin	Node2714	2	0	2	1.0	1.0
Streptomycin	Node9297	245	4	79	0.0	0.0
Streptomycin	Node8717	2	20	5	0.5907	0.0
Streptomycin	Node2759	6	0	6	0.05432	0.0
Streptomycin	Node9816	40	12	25	0.0	0.0
Streptomycin	Node9534	0	3	3	1.0	1.0
Streptomycin	Node9562	165	33	191	0.0	0.0
Streptomycin	Node9977	10	0	8	1.0	0.0
Streptomycin	Node2777	10	3	13	0.0	0.0
Streptomycin	Node9211	1	25	26	0.0	0.0
Pyrazinamide	Node459	4	0	2	1.0	0.01358
Pyrazinamide	Node543	4	1	0	1.0	0.0
Pyrazinamide	Node1169	2	0	0	1.0	0.2377
Pyrazinamide	Node934	3	0	0	1.0	0.3463
Pyrazinamide	Node164	4	0	2	0.3395	0.0
Pyrazinamide	Node918	2	1	0	1.0	0.3123
Pyrazinamide	Node1409	4	6	7	0.04753	0.0
Pyrazinamide	Node888	2	0	0	1.0	1.0
Pyrazinamide	Node6261	87	1783	233	0.0	0.0
Pyrazinamide	Node1888	3	0	3	0.0	0.00679
Pyrazinamide	Node865	2	0	0	1.0	1.0
Pyrazinamide	Node6167	8	3	0	1.0	0.0
Pyrazinamide	Node5393	2	0	1	1.0	1.0
Pyrazinamide	Node11739	27	0	8	0.02037	0.0
Pyrazinamide	Node6203	2	0	0	1.0	0.01358
Pyrazinamide	Node10429	2	0	0	1.0	1.0
Pyrazinamide	Node10518	5	3	5	1.0	0.0
Pyrazinamide	Node3469	12	4	0	1.0	0.0
Pyrazinamide	Node1657	2	0	0	1.0	1.0
Pyrazinamide	Node10570	68	4	58	0.0	0.0
Pyrazinamide	Node2362	3	1	0	1.0	0.0
Pyrazinamide	Node3771	3	0	0	1.0	0.00679
Pyrazinamide	Node10965	2	0	0	1.0	1.0
Pyrazinamide	Node5330	6	6	12	0.05432	0.0
Pyrazinamide	Node3642	7	0	0	1.0	0.0
Pyrazinamide	Node3765	2	0	0	1.0	0.2309
Pyrazinamide	Node1859	3	0	0	1.0	0.0
Pyrazinamide	Node10955	4	0	2	0.2716	0.0
Pyrazinamide	Node1728	2	0	2	1.0	1.0
Pyrazinamide	Node4293	7	19	18	0.0	0.0
Pyrazinamide	Node11085	2	0	0	1.0	1.0
Pyrazinamide	Node2197	7	0	0	1.0	0.0
Pyrazinamide	Node8072	2	0	1	1.0	1.0
Pyrazinamide	Node11297	2	0	1	1.0	1.0
Pyrazinamide	Node4185	2	0	0	1.0	0.5025
Pyrazinamide	Node5921	2	0	2	0.6722	1.0
Pyrazinamide	Node2091	17	11	0	1.0	0.0
Pyrazinamide	Node3333	3	0	0	1.0	0.03395
Pyrazinamide	Node10294	2	0	0	1.0	1.0
Pyrazinamide	Node5969	2	0	0	1.0	1.0
Pyrazinamide	Node3353	4	0	0	1.0	0.0
Pyrazinamide	Node10491	2	0	0	1.0	1.0
Pyrazinamide	Node5258	6	0	0	1.0	0.0
Pyrazinamide	Node2156	3	0	0	1.0	0.1833
Pyrazinamide	Node3265	2	0	0	1.0	1.0
Pyrazinamide	Node3267	18	1	1	1.0	0.0
Pyrazinamide	Node8029	3	0	0	1.0	1.0
Pyrazinamide	Node10319	5	0	0	1.0	0.1426
Pyrazinamide	Node1756	3	0	0	1.0	0.02037
Pyrazinamide	Node5687	8	2	9	0.0	0.0
Pyrazinamide	Node9292	221	533	430	0.0	0.0
Pyrazinamide	Node8682	8	1	7	0.0	0.0
Pyrazinamide	Node8498	5	4	1	1.0	0.0
Pyrazinamide	Node5664	7	0	0	1.0	0.0
Pyrazinamide	Node5886	2	0	1	1.0	1.0
Pyrazinamide	Node8801	2	0	0	1.0	0.3123
Pyrazinamide	Node7971	6	0	3	0.0	0.0
Pyrazinamide	Node8841	9	1	0	1.0	0.0
Pyrazinamide	Node11277	4	1	2	0.3259	0.0
Pyrazinamide	Node3394	31	12	0	1.0	0.0
Pyrazinamide	Node10116	3	0	2	1.0	1.0
Pyrazinamide	Node8971	94	86	102	0.0	0.0
Pyrazinamide	Node10181	8	1	0	1.0	0.0
Pyrazinamide	Node10198	6	2	0	1.0	0.0
Pyrazinamide	Node8808	6	1	0	1.0	0.0
Pyrazinamide	Node7144	5	0	0	1.0	0.04074
Pyrazinamide	Node9173	11	0	0	1.0	0.0
Pyrazinamide	Node8658	3	0	0	1.0	0.0
Pyrazinamide	Node10818	12	5	0	1.0	0.0
Pyrazinamide	Node4743	2	0	0	1.0	1.0
Pyrazinamide	Node8216	2	0	1	1.0	1.0
Pyrazinamide	Node5827	3	0	0	1.0	0.03395
Pyrazinamide	Node1985	11	3	0	1.0	0.0
Pyrazinamide	Node7154	2	0	1	1.0	1.0
Pyrazinamide	Node7220	2	0	0	1.0	1.0
Pyrazinamide	Node8551	2	0	0	1.0	1.0
Pyrazinamide	Node4843	15	21	0	1.0	0.0
Pyrazinamide	Node6655	4	0	2	0.2784	0.0
Pyrazinamide	Node9300	128	105	55	0.0	0.0
Pyrazinamide	Node5032	6	1	7	1.0	0.0
Pyrazinamide	Node2269	9	6	6	1.0	0.0
Pyrazinamide	Node7118	2	0	1	1.0	1.0
Pyrazinamide	Node8197	2	0	1	1.0	1.0
Pyrazinamide	Node7142	2	0	1	1.0	1.0
Pyrazinamide	Node5618	7	6	0	1.0	0.0
Pyrazinamide	Node2760	4	1	5	0.2037	0.0
Pyrazinamide	Node6826	6	0	3	0.00679	0.0
Pyrazinamide	Node7050	2	0	1	1.0	1.0
Pyrazinamide	Node6716	2	0	1	1.0	0.2988
Pyrazinamide	Node7634	2	0	1	1.0	1.0
Pyrazinamide	Node8175	2	0	1	1.0	1.0
Pyrazinamide	Node3944	3	0	3	0.1358	0.02037
Pyrazinamide	Node6995	2	0	1	1.0	1.0
Pyrazinamide	Node6997	2	0	1	1.0	1.0
Pyrazinamide	Node8186	2	0	0	1.0	1.0
Pyrazinamide	Node9207	31	4	33	0.0	0.0
Pyrazinamide	Node4827	5	0	0	1.0	0.0
Pyrazinamide	Node7014	10	0	5	0.0	0.0
Pyrazinamide	Node7601	4	0	2	0.2648	0.421
Pyrazinamide	Node7461	2	0	1	1.0	1.0
Pyrazinamide	Node9348	47	6	1	1.0	0.0
Pyrazinamide	Node6405	2	0	0	1.0	1.0
Ethambutol	Node792	3	0	0	1.0	0.2512
Ethambutol	Node949	5	5	0	1.0	0.0
Ethambutol	Node1132	22	7	0	1.0	0.0
Ethambutol	Node934	2	1	0	1.0	0.3259
Ethambutol	Node1597	4	3	0	1.0	0.0
Ethambutol	Node164	4	0	2	0.3055	0.0
Ethambutol	Node1366	27	22	11	0.0	0.0
Ethambutol	Node905	3	1	0	1.0	0.01358
Ethambutol	Node1434	9	2	0	1.0	0.0
Ethambutol	Node1574	8	8	1	1.0	0.0
Ethambutol	Node6257	968	3969	1176	0.0	0.0
Ethambutol	Node4262	16	95	67	0.0	0.0
Ethambutol	Node4104	2	0	0	1.0	0.05432
Ethambutol	Node1928	2	0	2	1.0	0.1154
Ethambutol	Node865	2	0	0	1.0	1.0
Ethambutol	Node1888	3	0	3	0.03395	0.01358
Ethambutol	Node8352	842	1285	780	0.0	0.0
Ethambutol	Node6167	10	4	0	1.0	0.0
Ethambutol	Node8335	6	8	7	0.0	0.0
Ethambutol	Node6203	2	0	0	1.0	0.0
Ethambutol	Node10790	32	137	27	0.0	0.0
Ethambutol	Node1708	2	0	1	1.0	1.0
Ethambutol	Node1686	2	0	0	1.0	1.0
Ethambutol	Node3771	3	0	0	1.0	0.0
Ethambutol	Node2363	3	0	0	1.0	0.1154
Ethambutol	Node11384	1	1	0	1.0	1.0
Ethambutol	Node8070	3	2	2	1.0	0.03395
Ethambutol	Node8361	691	1180	691	0.0	0.0
Ethambutol	Node6078	2	0	0	1.0	1.0
Ethambutol	Node3642	8	2	0	1.0	0.0
Ethambutol	Node1859	3	0	0	1.0	0.00679
Ethambutol	Node10570	83	25	59	0.0	0.0
Ethambutol	Node10934	3	0	0	1.0	0.1562
Ethambutol	Node3476	9	1	0	1.0	0.0
Ethambutol	Node5921	2	0	2	0.55	1.0
Ethambutol	Node2195	9	5	0	1.0	0.0
Ethambutol	Node3257	17	14	3	1.0	0.0
Ethambutol	Node5256	15	0	0	1.0	0.0
Ethambutol	Node2090	27	13	0	1.0	0.0
Ethambutol	Node2154	4	4	0	1.0	0.0
Ethambutol	Node3533	5	1	0	1.0	0.0
Ethambutol	Node5675	2	0	0	1.0	1.0
Ethambutol	Node2072	2	0	0	1.0	1.0
Ethambutol	Node5663	8	1	0	1.0	0.0
Ethambutol	Node5686	14	7	9	0.0	0.0
Ethambutol	Node5886	2	0	1	1.0	1.0
Ethambutol	Node3353	4	0	0	1.0	0.0
Ethambutol	Node1756	3	0	0	1.0	0.02037
Ethambutol	Node10146	6	0	5	0.0	0.02716
Ethambutol	Node7971	6	0	3	0.0	0.00679
Ethambutol	Node8498	6	1	1	1.0	0.0
Ethambutol	Node11278	4	0	2	0.2648	0.0
Ethambutol	Node4717	3	1	1	1.0	0.04753
Ethambutol	Node3392	19	28	0	1.0	0.0
Ethambutol	Node8374	2	123	2	1.0	0.0
Ethambutol	Node4740	4	1	0	1.0	0.0
Ethambutol	Node5114	2	0	0	1.0	1.0
Ethambutol	Node8841	9	4	0	1.0	0.0
Ethambutol	Node8216	2	0	1	1.0	1.0
Ethambutol	Node8896	4	0	3	0.02716	0.8488
Ethambutol	Node10819	17	1	0	1.0	0.0
Ethambutol	Node4842	24	46	0	1.0	0.0
Ethambutol	Node1985	22	4	0	1.0	0.0
Ethambutol	Node7117	2	1	1	1.0	1.0
Ethambutol	Node10051	7	1	0	1.0	0.0
Ethambutol	Node5809	5	0	0	1.0	0.0
Ethambutol	Node5032	4	3	7	1.0	0.0
Ethambutol	Node2268	6	7	6	1.0	0.0
Ethambutol	Node8197	2	0	1	1.0	1.0
Ethambutol	Node10198	8	0	0	1.0	0.0
Ethambutol	Node4623	6	3	0	1.0	0.0
Ethambutol	Node6721	2	1	0	1.0	0.0
Ethambutol	Node7142	2	0	1	1.0	1.0
Ethambutol	Node8965	172	113	149	0.0	0.0
Ethambutol	Node6826	2	4	3	0.00679	0.0
Ethambutol	Node7050	2	0	1	1.0	1.0
Ethambutol	Node8175	2	0	1	1.0	1.0
Ethambutol	Node5619	5	7	0	1.0	0.0
Ethambutol	Node5047	3	1	4	0.0	0.02716
Ethambutol	Node6716	2	0	1	1.0	0.2377
Ethambutol	Node7634	2	0	1	1.0	1.0
Ethambutol	Node6702	3	2	4	0.0	0.0
Ethambutol	Node9561	117	99	191	0.0	0.0
Ethambutol	Node10116	6	1	2	1.0	0.0
Ethambutol	Node6995	2	0	1	1.0	1.0
Ethambutol	Node9943	7	2	5	1.0	0.0
Ethambutol	Node9302	156	69	52	0.0	0.0
Ethambutol	Node7014	8	2	5	0.0	0.0
Ethambutol	Node7601	4	0	2	0.2648	0.2512
Ethambutol	Node7461	2	0	1	1.0	1.0
Ethambutol	Node9051	24	0	0	1.0	0.0
Ethambutol	Node9348	51	2	1	1.0	0.0
Isoniazid	Node459	5	0	3	1.0	0.00679
Isoniazid	Node510	2	0	0	1.0	1.0
Isoniazid	Node480	7	1	4	1.0	0.0
Isoniazid	Node544	4	0	0	1.0	0.0
Isoniazid	Node792	3	0	0	1.0	0.3055
Isoniazid	Node1131	32	8	0	1.0	0.0
Isoniazid	Node934	3	0	0	1.0	0.2444
Isoniazid	Node164	4	0	2	0.09506	0.0
Isoniazid	Node905	4	0	0	1.0	0.03395
Isoniazid	Node1550	21	22	1	1.0	0.0
Isoniazid	Node1366	38	21	19	0.2512	0.0
Isoniazid	Node1434	11	0	0	1.0	0.0
Isoniazid	Node1045	7	7	6	1.0	0.0
Isoniazid	Node1948	577	1474	912	0.0	0.0
Isoniazid	Node1274	2	0	0	1.0	0.4957
Isoniazid	Node1924	5	1	4	0.00679	0.0
Isoniazid	Node1040	5	0	0	1.0	0.0
Isoniazid	Node4262	65	49	67	0.0	0.0
Isoniazid	Node4104	2	0	0	1.0	0.06111
Isoniazid	Node1922	3	0	0	1.0	0.0
Isoniazid	Node1374	21	1	1	1.0	0.0
Isoniazid	Node4254	2	0	2	1.0	0.05432
Isoniazid	Node1888	3	0	3	0.0	0.00679
Isoniazid	Node4412	9	2	4	1.0	0.0
Isoniazid	Node1694	10	4	4	1.0	0.0
Isoniazid	Node1185	16	5	1	1.0	0.0
Isoniazid	Node8352	1421	848	879	0.0	0.0
Isoniazid	Node6167	14	1	0	1.0	0.0
Isoniazid	Node6227	12	1	0	1.0	0.0
Isoniazid	Node5279	3	0	0	1.0	0.02037
Isoniazid	Node5361	3	0	0	1.0	0.03395
Isoniazid	Node3771	3	0	0	1.0	0.0
Isoniazid	Node10902	27	30	3	1.0	0.0
Isoniazid	Node6087	3	0	0	1.0	0.0
Isoniazid	Node4292	28	3	21	0.0	0.0
Isoniazid	Node2405	5	0	0	1.0	0.0
Isoniazid	Node3782	7	0	0	1.0	0.0
Isoniazid	Node8231	2	0	0	1.0	1.0
Isoniazid	Node11730	4	3	0	1.0	0.0
Isoniazid	Node10733	4	0	0	1.0	0.0
Isoniazid	Node6078	2	0	0	1.0	1.0
Isoniazid	Node4320	0	3	3	1.0	0.00679
Isoniazid	Node4176	11	0	0	1.0	0.0
Isoniazid	Node2435	89	729	676	0.0	0.0
Isoniazid	Node1825	4	0	0	1.0	0.0
Isoniazid	Node1859	3	0	0	1.0	0.0
Isoniazid	Node11667	2	0	0	1.0	1.0
Isoniazid	Node3643	13	0	0	1.0	0.0
Isoniazid	Node3255	29	6	3	1.0	0.0
Isoniazid	Node3476	20	0	0	1.0	0.0
Isoniazid	Node10570	84	2	59	0.0	0.0
Isoniazid	Node11409	9	6	0	1.0	0.0
Isoniazid	Node10786	2	0	0	1.0	1.0
Isoniazid	Node5167	5	0	0	1.0	0.01358
Isoniazid	Node5410	8	0	0	1.0	0.0
Isoniazid	Node1725	5	1	3	1.0	0.0
Isoniazid	Node8363	1200	785	758	0.0	0.0
Isoniazid	Node3530	9	0	0	1.0	0.0
Isoniazid	Node3335	5	0	0	1.0	0.0
Isoniazid	Node10398	0	14	6	0.00679	0.0
Isoniazid	Node5968	4	0	0	1.0	0.0
Isoniazid	Node5256	7	0	0	1.0	0.0
Isoniazid	Node2195	17	1	0	1.0	0.0
Isoniazid	Node2088	61	13	0	1.0	0.0
Isoniazid	Node1779	3	0	0	1.0	0.00679
Isoniazid	Node11519	0	144	134	0.0	0.0
Isoniazid	Node5754	5	4	1	1.0	0.0
Isoniazid	Node11349	4	0	4	1.0	0.00679
Isoniazid	Node2070	5	0	1	1.0	0.0
Isoniazid	Node8029	3	0	0	1.0	1.0
Isoniazid	Node11255	2	0	1	1.0	1.0
Isoniazid	Node5662	13	0	0	1.0	0.0
Isoniazid	Node5685	14	2	9	0.0	0.0
Isoniazid	Node2191	5	0	0	1.0	0.0
Isoniazid	Node3240	3	0	3	1.0	0.4617
Isoniazid	Node8044	3	1	0	1.0	0.258
Isoniazid	Node10248	2	28	0	1.0	0.0
Isoniazid	Node5686	14	1	9	0.0	0.0
Isoniazid	Node1756	3	0	0	1.0	0.02037
Isoniazid	Node10146	8	0	7	0.0	0.0
Isoniazid	Node10356	2	32	10	1.0	0.0
Isoniazid	Node11162	2	0	0	1.0	1.0
Isoniazid	Node2869	6	2	8	1.0	0.0
Isoniazid	Node7971	6	0	3	0.0	0.00679
Isoniazid	Node7903	3	0	0	1.0	1.0
Isoniazid	Node8671	28	4	18	0.0	0.0
Isoniazid	Node10855	11	0	11	0.4278	0.0
Isoniazid	Node4717	4	0	1	1.0	0.06111
Isoniazid	Node4728	2	0	2	1.0	1.0
Isoniazid	Node4967	3	0	3	1.0	0.679
Isoniazid	Node3131	12	4	4	0.4617	0.0
Isoniazid	Node3392	51	0	0	1.0	0.0
Isoniazid	Node7162	2	0	0	1.0	1.0
Isoniazid	Node8498	10	0	1	1.0	0.0
Isoniazid	Node4740	5	0	0	1.0	0.00679
Isoniazid	Node7981	2	0	0	1.0	1.0
Isoniazid	Node8374	8	114	2	1.0	0.0
Isoniazid	Node7144	6	0	0	1.0	0.0
Isoniazid	Node8841	20	1	0	1.0	0.0
Isoniazid	Node10319	5	0	0	1.0	0.1765
Isoniazid	Node5827	3	0	0	1.0	0.02037
Isoniazid	Node4842	51	39	0	1.0	0.0
Isoniazid	Node6647	3	0	0	1.0	0.0
Isoniazid	Node9293	597	163	430	0.0	0.0
Isoniazid	Node4685	5	0	5	1.0	0.00679
Isoniazid	Node2149	1	5	0	1.0	0.0
Isoniazid	Node3096	4	0	4	0.0	0.02716
Isoniazid	Node6287	40	314	197	0.0	0.0
Isoniazid	Node6878	2	0	0	1.0	0.5907
Isoniazid	Node5032	7	0	7	0.07469	0.0
Isoniazid	Node2989	5	0	0	1.0	0.00679
Isoniazid	Node2841	2	0	0	1.0	1.0
Isoniazid	Node2613	5	0	5	1.0	0.0
Isoniazid	Node6734	4	0	0	1.0	0.0
Isoniazid	Node10051	10	0	0	1.0	0.0
Isoniazid	Node2267	26	0	14	0.0	0.0
Isoniazid	Node1985	14	1	0	1.0	0.0
Isoniazid	Node2839	2	0	0	1.0	1.0
Isoniazid	Node7860	4	0	0	1.0	0.1562
Isoniazid	Node10181	11	0	0	1.0	0.0
Isoniazid	Node8567	8	20	4	1.0	0.0
Isoniazid	Node10819	16	0	0	1.0	0.0
Isoniazid	Node4623	9	0	0	1.0	0.0
Isoniazid	Node5043	5	3	6	0.0	0.0
Isoniazid	Node6869	2	0	0	1.0	0.7265
Isoniazid	Node10219	0	26	26	0.0	0.0
Isoniazid	Node6826	6	0	3	0.0	0.0
Isoniazid	Node9816	42	12	25	0.0	0.0
Isoniazid	Node4607	4	0	2	1.0	0.03395
Isoniazid	Node2256	6	0	0	1.0	0.0
Isoniazid	Node6805	4	0	0	1.0	0.0
Isoniazid	Node6984	3	0	0	1.0	1.0
Isoniazid	Node7634	2	0	1	1.0	1.0
Isoniazid	Node10072	1	41	21	0.0	0.0
Isoniazid	Node4578	7	1	0	1.0	0.0
Isoniazid	Node5063	2	0	0	1.0	1.0
Isoniazid	Node9542	17	0	17	0.0	0.0
Isoniazid	Node9561	219	1	190	0.0	0.0
Isoniazid	Node8537	0	11	2	1.0	0.0
Isoniazid	Node6703	4	0	4	0.0	0.0
Isoniazid	Node7012	11	1	6	0.00679	0.0
Isoniazid	Node9943	9	1	5	0.9099	0.0
Isoniazid	Node9977	14	0	8	0.00679	0.0
Isoniazid	Node9171	16	0	4	1.0	0.0
Isoniazid	Node8720	5	32	1	1.0	0.0
Isoniazid	Node4827	6	0	0	1.0	0.0
Isoniazid	Node9302	231	1	52	0.0	0.0
Isoniazid	Node8970	190	2	107	0.0	0.0
Isoniazid	Node8577	8	0	0	1.0	0.0
Isoniazid	Node2760	5	0	5	1.0	0.00679
Isoniazid	Node7601	4	0	2	0.1222	0.2037
Isoniazid	Node6483	15	0	15	0.00679	0.0
Isoniazid	Node9996	10	0	0	1.0	0.0
Isoniazid	Node7461	2	0	1	1.0	1.0
Isoniazid	Node9200	55	9	33	0.0	0.0
Isoniazid	Node2777	13	1	14	0.06111	0.0
Isoniazid	Node6393	10	5	0	1.0	0.0
Rifampicin	Node460	4	0	3	1.0	0.0
Rifampicin	Node510	2	0	0	1.0	1.0
Rifampicin	Node544	4	0	0	1.0	0.0
Rifampicin	Node792	3	0	0	1.0	0.3123
Rifampicin	Node1131	30	9	0	1.0	0.0
Rifampicin	Node934	3	0	0	1.0	0.2309
Rifampicin	Node164	4	0	2	0.1358	0.0
Rifampicin	Node905	4	0	0	1.0	0.0
Rifampicin	Node1550	19	24	1	1.0	0.0
Rifampicin	Node1366	32	25	19	0.2105	0.0
Rifampicin	Node1434	11	0	0	1.0	0.0
Rifampicin	Node1274	2	0	0	1.0	0.4413
Rifampicin	Node1056	4	0	0	1.0	0.0
Rifampicin	Node887	4	0	0	1.0	0.02037
Rifampicin	Node1925	5	0	4	0.0	0.0
Rifampicin	Node1040	5	0	0	1.0	0.0
Rifampicin	Node6260	1589	2801	1251	0.0	0.0
Rifampicin	Node10700	93	1024	352	0.0	0.0
Rifampicin	Node4104	2	0	0	1.0	0.05432
Rifampicin	Node1922	3	0	0	1.0	0.0
Rifampicin	Node1374	20	2	1	1.0	0.0
Rifampicin	Node4254	2	0	2	1.0	0.04753
Rifampicin	Node3735	64	255	17	1.0	0.0
Rifampicin	Node1888	3	0	3	0.0	0.02716
Rifampicin	Node1694	8	7	4	1.0	0.0
Rifampicin	Node8333	6	12	8	0.0	0.0
Rifampicin	Node8352	1377	930	879	0.0	0.0
Rifampicin	Node6167	12	4	0	1.0	0.0
Rifampicin	Node1907	2	0	0	1.0	0.09506
Rifampicin	Node6207	7	1	0	1.0	0.0
Rifampicin	Node1659	2	0	0	1.0	1.0
Rifampicin	Node6188	2	0	1	1.0	0.02037
Rifampicin	Node1195	6	0	0	1.0	0.0
Rifampicin	Node4040	3	0	0	1.0	0.0
Rifampicin	Node8301	2	0	0	1.0	1.0
Rifampicin	Node4368	4	0	2	1.0	0.0
Rifampicin	Node3771	3	0	0	1.0	0.0
Rifampicin	Node2399	9	2	0	1.0	0.0
Rifampicin	Node2434	72	792	679	0.0	0.0
Rifampicin	Node3782	7	0	0	1.0	0.0
Rifampicin	Node8300	2	0	0	1.0	1.0
Rifampicin	Node10955	4	0	2	0.129	0.0
Rifampicin	Node10733	5	0	0	1.0	0.0
Rifampicin	Node6078	2	0	0	1.0	1.0
Rifampicin	Node4293	26	2	18	0.0	0.0
Rifampicin	Node3642	12	2	0	1.0	0.0
Rifampicin	Node3254	33	13	3	1.0	0.0
Rifampicin	Node1859	3	0	0	1.0	0.0
Rifampicin	Node8070	3	2	2	1.0	0.01358
Rifampicin	Node8361	1150	873	767	0.0	0.0
Rifampicin	Node10569	108	1	59	0.0	0.0
Rifampicin	Node11734	3	0	0	1.0	0.0
Rifampicin	Node10933	3	1	0	1.0	0.0
Rifampicin	Node10937	2	1	0	1.0	0.1222
Rifampicin	Node5999	3	0	0	1.0	0.0
Rifampicin	Node2363	3	0	0	1.0	0.1222
Rifampicin	Node3476	17	3	0	1.0	0.0
Rifampicin	Node8066	2	0	0	1.0	1.0
Rifampicin	Node11390	2	0	0	1.0	1.0
Rifampicin	Node10725	2	0	0	1.0	1.0
Rifampicin	Node10786	2	0	0	1.0	1.0
Rifampicin	Node11297	2	0	1	1.0	1.0
Rifampicin	Node11410	4	2	0	1.0	0.0
Rifampicin	Node5778	27	68	13	1.0	0.0
Rifampicin	Node5921	2	0	2	0.2852	1.0
Rifampicin	Node3530	9	0	0	1.0	0.0
Rifampicin	Node3236	2	5	3	1.0	0.0
Rifampicin	Node3335	5	0	0	1.0	0.0
Rifampicin	Node1726	5	0	2	1.0	0.0
Rifampicin	Node5256	16	0	0	1.0	0.0
Rifampicin	Node2215	44	95	69	0.0	0.0
Rifampicin	Node2195	16	2	0	1.0	0.0
Rifampicin	Node2088	53	21	0	1.0	0.0
Rifampicin	Node1779	3	0	0	1.0	0.01358
Rifampicin	Node3508	4	0	0	1.0	0.0
Rifampicin	Node3551	3	0	0	1.0	0.02037
Rifampicin	Node3332	4	0	0	1.0	0.0
Rifampicin	Node7768	2	0	0	1.0	1.0
Rifampicin	Node8029	3	0	0	1.0	1.0
Rifampicin	Node11025	2	0	0	1.0	1.0
Rifampicin	Node2191	5	0	0	1.0	0.0
Rifampicin	Node5686	18	3	9	0.0	0.0
Rifampicin	Node1756	3	0	0	1.0	0.01358
Rifampicin	Node8370	23	115	2	1.0	0.0
Rifampicin	Node5664	8	0	0	1.0	0.0
Rifampicin	Node7779	2	0	0	1.0	1.0
Rifampicin	Node10146	8	0	7	0.0	0.0
Rifampicin	Node10356	1	31	10	1.0	0.0
Rifampicin	Node11162	2	0	0	1.0	1.0
Rifampicin	Node3130	10	7	4	0.3938	0.0
Rifampicin	Node7971	6	0	3	0.0	0.0
Rifampicin	Node7903	2	0	0	1.0	1.0
Rifampicin	Node8862	22	18	21	0.0	0.0
Rifampicin	Node8671	28	4	18	0.0	0.0
Rifampicin	Node4717	4	0	1	1.0	0.04074
Rifampicin	Node8498	10	0	1	1.0	0.0
Rifampicin	Node11278	4	0	2	0.1086	0.00679
Rifampicin	Node3393	47	3	0	1.0	0.0
Rifampicin	Node7981	2	0	0	1.0	1.0
Rifampicin	Node7144	6	0	0	1.0	0.00679
Rifampicin	Node7114	10	21	2	0.0679	0.0
Rifampicin	Node7210	2	0	0	1.0	1.0
Rifampicin	Node8208	2	0	0	1.0	1.0
Rifampicin	Node8841	16	5	0	1.0	0.0
Rifampicin	Node6647	3	0	0	1.0	0.0
Rifampicin	Node6651	5	3	2	0.1018	0.0
Rifampicin	Node8216	2	0	1	1.0	1.0
Rifampicin	Node8807	8	0	0	1.0	0.0
Rifampicin	Node5808	6	0	0	1.0	0.0
Rifampicin	Node4843	49	33	0	1.0	0.0
Rifampicin	Node2837	4	2	0	1.0	0.0
Rifampicin	Node3100	2	0	0	1.0	1.0
Rifampicin	Node3096	4	0	4	0.0	0.04753
Rifampicin	Node6878	2	0	0	1.0	0.679
Rifampicin	Node7154	2	0	1	1.0	1.0
Rifampicin	Node8867	1	13	11	0.0	0.0
Rifampicin	Node8893	0	3	0	1.0	1.0
Rifampicin	Node5032	7	0	7	0.06111	0.0
Rifampicin	Node2989	5	0	0	1.0	0.0
Rifampicin	Node6761	2	0	0	1.0	0.7401
Rifampicin	Node7203	2	0	0	1.0	1.0
Rifampicin	Node10051	10	0	0	1.0	0.0
Rifampicin	Node2267	20	6	14	0.0	0.0
Rifampicin	Node1985	23	4	0	1.0	0.0
Rifampicin	Node8197	2	0	1	1.0	1.0
Rifampicin	Node10819	18	0	0	1.0	0.0
Rifampicin	Node4623	9	0	0	1.0	0.0
Rifampicin	Node4931	2	0	0	1.0	1.0
Rifampicin	Node6721	2	0	0	1.0	0.1833
Rifampicin	Node7744	2	0	0	1.0	1.0
Rifampicin	Node8167	2	0	0	1.0	1.0
Rifampicin	Node8965	274	43	153	0.0	0.0
Rifampicin	Node10198	8	0	0	1.0	0.0
Rifampicin	Node10219	0	26	26	0.0	0.0
Rifampicin	Node6826	6	0	3	0.0	0.0
Rifampicin	Node7050	2	0	1	1.0	1.0
Rifampicin	Node10114	9	0	2	1.0	0.0
Rifampicin	Node4607	4	0	2	1.0	0.04753
Rifampicin	Node6716	2	0	1	1.0	0.3191
Rifampicin	Node6984	3	0	0	1.0	1.0
Rifampicin	Node7634	2	0	1	1.0	1.0
Rifampicin	Node6806	3	0	0	1.0	0.0
Rifampicin	Node9542	16	1	17	0.0	0.0
Rifampicin	Node9561	212	9	191	0.0	0.0
Rifampicin	Node6703	4	0	4	0.0	0.0
Rifampicin	Node6712	3	0	0	1.0	0.00679
Rifampicin	Node6995	2	0	1	1.0	1.0
Rifampicin	Node6997	2	0	1	1.0	1.0
Rifampicin	Node8186	2	0	0	1.0	1.0
Rifampicin	Node4827	7	0	0	1.0	0.0
Rifampicin	Node2759	4	2	6	1.0	0.0
Rifampicin	Node7701	2	0	0	1.0	1.0
Rifampicin	Node7014	10	0	5	0.0	0.0
Rifampicin	Node7601	4	0	2	0.08148	0.1562
Rifampicin	Node9996	10	0	0	1.0	0.0
Rifampicin	Node7461	2	0	1	1.0	1.0
Rifampicin	Node10083	0	21	21	0.0	0.0
Rifampicin	Node9416	90	13	30	0.0	0.0
Rifampicin	Node6936	4	0	0	1.0	1.0
Rifampicin	Node7552	2	0	0	1.0	1.0
Rifampicin	Node9309	105	0	1	1.0	0.0
Rifampicin	Node6393	6	9	0	1.0	0.0
Rifampicin	Node7476	2	0	0	1.0	1.0