Table S12. The features selected by ABESS. The features whose values fully coincide on the given dataset split were unified and were treated as one feature during the selection process. All features were enumerated for each drug and the same IDs were assigned to the features constituting unified ones.													
Drug name	Gene	Position	Type of event	From	To	Feature ID	Coefficient in the model	P-value	Number of sensitive isolates in which the event hasn’t happen	Number of resistant isolates in which the event hasn’t happened	Number of sensitive isolates in which the event has happened	Number of resistant isolates in which the event has happened	Number of splits in which the feature was selected
Kanamycin	gyrA	-	PF00521 is changed	-	-	0	-1.322937712	8.94E-40	216	228	641	116	5
Kanamycin	rrs	1401	SNV	A	G	1	4.643709735	7.82E-148	848	111	9	233	5
Kanamycin	eis	-10	SNV	C	T	2	3.436647155	6.59E-13	851	312	6	32	3
Kanamycin	eis	-14	SNV	G	A	3	2.724723528	1.20E-05	857	335	0	9	3
Kanamycin	htrA	-33	Insertion	T	GT	4	-0.648581484	1.82E-18	307	219	550	125	3
Kanamycin	gyrA	91	SNV	S	P	5	2.977903672	9.14E-07	848	322	9	22	2
Kanamycin	pncA	120	SNV	L	P	6	2.804952271	4.41E-10	857	327	0	17	2
Kanamycin	rrs	1484	SNV	G	T	7	2.629530943	4.27E-05	857	336	0	8	1
Amikacin	rrs	1401	SNV	A	G	0	5.152217337	9.22E-224	1436	113	13	290	5
Amikacin	Rv1289	36	SNV	G	S	1	2.304996793	0.000103102	1449	397	0	6	1
Amikacin	sugB	21	SNV	L	F	1	2.304996793	0.000103102	1449	397	0	6	1
Amikacin	ubiA	268	SNV	G	D	1	2.304996793	0.000103102	1449	397	0	6	1
Amikacin	Rv0648	643	SNV	A	V	1	2.304996793	0.000103102	1449	397	0	6	1
Amikacin	rpsG	2	SNV	P	S	1	2.304996793	0.000103102	1449	397	0	6	1
Amikacin	htdZ	-91	SNV	G	A	1	2.304996793	0.000103102	1449	397	0	6	1
Amikacin	Rv2562	-18	SNV	G	T	1	2.304996793	0.000103102	1449	397	0	6	1
Amikacin	Rv2017	-	PF06114 is changed	-	-	2	-1.260240635	4.68E-30	26	73	1423	330	1
Amikacin	Rv2017	262	SNV	A	E	2	-1.260240635	4.68E-30	26	73	1423	330	1
Amikacin	Rv2261c	-	PF00795 is changed	-	-	3	2.398351847	0.004713559	1446	397	3	6	1
Amikacin	pks8	-	PF00698 is changed	-	-	4	0.998820472	1.74E-11	1265	293	184	110	1
Streptomycin	inhA	-	PF13561 is changed	-	-	0	2.0822251	2.99E-17	2970	1561	61	119	5
Streptomycin	katG	315	SNV	S	T	1	1.249455207	0.00E+00	2683	416	348	1264	5
Streptomycin	katG	-	PF00141 is changed	-	-	2	1.220891436	0.00E+00	2582	332	449	1348	5
Streptomycin	rpsL	-	PF00164 is changed	-	-	3	3.887513969	0.00E+00	3004	737	27	943	5
Streptomycin	rrs	514	SNV	A	C	4	2.634866814	2.65E-45	3014	1541	17	139	5
Streptomycin	eccC2	258	SNV	R	P	5	-0.650441914	4.05E-197	515	1005	2516	675	2
Streptomycin	mce3F	396	SNV	A	E	6	-1.183855312	2.69E-87	267	537	2764	1143	2
Streptomycin	Rv0161	87	SNV	E	K	7	-2.442969304	0.557007474	3028	1680	3	0	1
Streptomycin	mutT4	28	SNV	H	R	7	-2.442969304	0.557007474	3028	1680	3	0	1
Streptomycin	rpoC	812	SNV	T	I	7	-2.442969304	0.557007474	3028	1680	3	0	1
Streptomycin	lppG	77	SNV	A	T	7	-2.442969304	0.557007474	3028	1680	3	0	1
Streptomycin	pncA	49	SNV	D	N	7	-2.442969304	0.557007474	3028	1680	3	0	1
Streptomycin	Rv0810c	-3	SNV	G	C	7	-2.442969304	0.557007474	3028	1680	3	0	1
Streptomycin	Rv2191	-57	SNV	G	A	7	-2.442969304	0.557007474	3028	1680	3	0	1
Streptomycin	Rv2191	-57	SNV	G	A	8	-2.253857324	0.557007474	3028	1680	3	0	1
Streptomycin	Rv0810c	-3	SNV	G	C	8	-2.253857324	0.557007474	3028	1680	3	0	1
Streptomycin	Rv0161	87	SNV	E	K	8	-2.253857324	0.557007474	3028	1680	3	0	1
Streptomycin	rpoC	812	SNV	T	I	8	-2.253857324	0.557007474	3028	1680	3	0	1
Streptomycin	lppG	77	SNV	A	T	8	-2.253857324	0.557007474	3028	1680	3	0	1
Streptomycin	mutT4	28	SNV	H	R	8	-2.253857324	0.557007474	3028	1680	3	0	1
Streptomycin	Rv3368c	200	SNV	A	T	9	2.172410672	0.057696778	3030	1676	1	4	1
Streptomycin	Rv3776	-	PF02720 is changed	-	-	10	0.231416445	5.47E-109	831	1015	2200	665	1
Streptomycin	gyrA	291	SNV	V	L	11	-2.34296178	0.304021229	3027	1680	4	0	1
Streptomycin	fadB	302	SNV	A	V	11	-2.34296178	0.304021229	3027	1680	4	0	1
Streptomycin	Rv0339c	595	SNV	A	G	11	-2.34296178	0.304021229	3027	1680	4	0	1
Streptomycin	Rv0320	98	SNV	V	I	11	-2.34296178	0.304021229	3027	1680	4	0	1
Streptomycin	fadE10	289	SNV	A	V	11	-2.34296178	0.304021229	3027	1680	4	0	1
Streptomycin	uvrD1	562	SNV	D	Y	11	-2.34296178	0.304021229	3027	1680	4	0	1
Streptomycin	oplA	203	SNV	G	A	11	-2.34296178	0.304021229	3027	1680	4	0	1
Streptomycin	mce1C	124	SNV	L	W	11	-2.34296178	0.304021229	3027	1680	4	0	1
Streptomycin	fadD7	310	SNV	F	L	11	-2.34296178	0.304021229	3027	1680	4	0	1
Streptomycin	Rv0771	4	SNV	E	A	11	-2.34296178	0.304021229	3027	1680	4	0	1
Streptomycin	thiX	2	SNV	T	A	11	-2.34296178	0.304021229	3027	1680	4	0	1
Streptomycin	ldtA	247	SNV	I	T	11	-2.34296178	0.304021229	3027	1680	4	0	1
Streptomycin	ldtA	218	SNV	G	A	11	-2.34296178	0.304021229	3027	1680	4	0	1
Streptomycin	Rv0059	82	SNV	M	I	11	-2.34296178	0.304021229	3027	1680	4	0	1
Streptomycin	leuS	934	SNV	T	K	11	-2.34296178	0.304021229	3027	1680	4	0	1
Streptomycin	Rv0012	184	SNV	N	T	11	-2.34296178	0.304021229	3027	1680	4	0	1
Streptomycin	pepD	99	SNV	A	T	11	-2.34296178	0.304021229	3027	1680	4	0	1
Streptomycin	Rv0825c	67	SNV	H	N	11	-2.34296178	0.304021229	3027	1680	4	0	1
Streptomycin	Rv1352	-5	SNV	A	G	11	-2.34296178	0.304021229	3027	1680	4	0	1
Streptomycin	Rv0370c	290	SNV	Q	R	11	-2.34296178	0.304021229	3027	1680	4	0	1
Streptomycin	Rv0770	182	SNV	L	S	11	-2.34296178	0.304021229	3027	1680	4	0	1
Streptomycin	pptT	-14	SNV	G	A	11	-2.34296178	0.304021229	3027	1680	4	0	1
Streptomycin	PPE19	-54	SNV	A	G	11	-2.34296178	0.304021229	3027	1680	4	0	1
Streptomycin	Rv0150c	-8	SNV	C	A	11	-2.34296178	0.304021229	3027	1680	4	0	1
Streptomycin	whiB6	-12	SNV	A	G	11	-2.34296178	0.304021229	3027	1680	4	0	1
Streptomycin	aftB	-70	SNV	G	T	11	-2.34296178	0.304021229	3027	1680	4	0	1
Streptomycin	pntAb	-19	SNV	C	T	11	-2.34296178	0.304021229	3027	1680	4	0	1
Streptomycin	Rv0276	-91	SNV	A	G	11	-2.34296178	0.304021229	3027	1680	4	0	1
Streptomycin	pgi	-30	SNV	C	T	11	-2.34296178	0.304021229	3027	1680	4	0	1
Streptomycin	sthA	-44	SNV	G	A	11	-2.34296178	0.304021229	3027	1680	4	0	1
Streptomycin	trpE	-34	SNV	C	T	11	-2.34296178	0.304021229	3027	1680	4	0	1
Streptomycin	Rv3103c	-38	SNV	A	G	11	-2.34296178	0.304021229	3027	1680	4	0	1
Streptomycin	Rv0315	-42	SNV	C	T	11	-2.34296178	0.304021229	3027	1680	4	0	1
Streptomycin	sodC	31	SNV	S	G	11	-2.34296178	0.304021229	3027	1680	4	0	1
Streptomycin	Rv0386	618	SNV	A	T	11	-2.34296178	0.304021229	3027	1680	4	0	1
Streptomycin	Rv2536	89	SNV	A	V	11	-2.34296178	0.304021229	3027	1680	4	0	1
Streptomycin	Rv0373c	495	SNV	G	D	11	-2.34296178	0.304021229	3027	1680	4	0	1
Streptomycin	mtrA	-	PF00486 is changed	-	-	11	-2.34296178	0.304021229	3027	1680	4	0	1
Streptomycin	Rv0686	140	SNV	A	V	11	-2.34296178	0.304021229	3027	1680	4	0	1
Streptomycin	citE	216	SNV	V	M	11	-2.34296178	0.304021229	3027	1680	4	0	1
Streptomycin	Rv0628c	109	SNV	A	V	11	-2.34296178	0.304021229	3027	1680	4	0	1
Streptomycin	purU	29	SNV	D	G	11	-2.34296178	0.304021229	3027	1680	4	0	1
Streptomycin	alaS	355	SNV	S	T	11	-2.34296178	0.304021229	3027	1680	4	0	1
Streptomycin	Rv2566	304	SNV	A	G	11	-2.34296178	0.304021229	3027	1680	4	0	1
Streptomycin	Rv2627c	374	SNV	W	C	11	-2.34296178	0.304021229	3027	1680	4	0	1
Streptomycin	PE_PGRS46	777	SNV	D	N	11	-2.34296178	0.304021229	3027	1680	4	0	1
Streptomycin	Rv2646	173	SNV	R	L	11	-2.34296178	0.304021229	3027	1680	4	0	1
Streptomycin	Rv2670c	234	SNV	G	V	11	-2.34296178	0.304021229	3027	1680	4	0	1
Streptomycin	Rv2787	123	SNV	L	R	11	-2.34296178	0.304021229	3027	1680	4	0	1
Streptomycin	Rv2917	-	Broken	-	-	11	-2.34296178	0.304021229	3027	1680	4	0	1
Streptomycin	lprM	32	SNV	G	S	11	-2.34296178	0.304021229	3027	1680	4	0	1
Streptomycin	Rv1972	60	SNV	V	I	11	-2.34296178	0.304021229	3027	1680	4	0	1
Streptomycin	fabG3	99	SNV	D	N	11	-2.34296178	0.304021229	3027	1680	4	0	1
Streptomycin	otsB1	1255	SNV	R	C	11	-2.34296178	0.304021229	3027	1680	4	0	1
Streptomycin	Rv2026c	165	SNV	I	V	11	-2.34296178	0.304021229	3027	1680	4	0	1
Streptomycin	Rv2042c	19	SNV	A	V	11	-2.34296178	0.304021229	3027	1680	4	0	1
Streptomycin	pncA	62	SNV	P	S	11	-2.34296178	0.304021229	3027	1680	4	0	1
Streptomycin	Rv2052c	93	SNV	M	I	11	-2.34296178	0.304021229	3027	1680	4	0	1
Streptomycin	cobL	319	SNV	P	L	11	-2.34296178	0.304021229	3027	1680	4	0	1
Streptomycin	Rv2079	619	SNV	L	P	11	-2.34296178	0.304021229	3027	1680	4	0	1
Streptomycin	Rv2212	71	SNV	E	K	11	-2.34296178	0.304021229	3027	1680	4	0	1
Streptomycin	ephD	47	SNV	G	D	11	-2.34296178	0.304021229	3027	1680	4	0	1
Streptomycin	Rv2235	57	SNV	V	F	11	-2.34296178	0.304021229	3027	1680	4	0	1
Streptomycin	Rv2272	121	SNV	T	S	11	-2.34296178	0.304021229	3027	1680	4	0	1
Streptomycin	Rv2277c	45	Deletion	E	-	11	-2.34296178	0.304021229	3027	1680	4	0	1
Streptomycin	eis	386	SNV	L	I	11	-2.34296178	0.304021229	3027	1680	4	0	1
Streptomycin	Rv0648	271	SNV	T	N	11	-2.34296178	0.304021229	3027	1680	4	0	1
Streptomycin	Rv2454c	68	SNV	I	V	11	-2.34296178	0.304021229	3027	1680	4	0	1
Streptomycin	Rv1004c	140	SNV	S	R	11	-2.34296178	0.304021229	3027	1680	4	0	1
Streptomycin	Rv1125	31	SNV	D	E	11	-2.34296178	0.304021229	3027	1680	4	0	1
Streptomycin	lipN	231	SNV	D	G	11	-2.34296178	0.304021229	3027	1680	4	0	1
Streptomycin	Rv1132	135	SNV	V	M	11	-2.34296178	0.304021229	3027	1680	4	0	1
Streptomycin	recG	283	SNV	R	W	11	-2.34296178	0.304021229	3027	1680	4	0	1
Streptomycin	nuoL	80	SNV	L	P	11	-2.34296178	0.304021229	3027	1680	4	0	1
Streptomycin	bkdC	252	SNV	H	R	11	-2.34296178	0.304021229	3027	1680	4	0	1
Streptomycin	gdh	664	SNV	R	G	11	-2.34296178	0.304021229	3027	1680	4	0	1
Streptomycin	pepN	52	SNV	L	F	11	-2.34296178	0.304021229	3027	1680	4	0	1
Streptomycin	trxB2	216	SNV	A	V	11	-2.34296178	0.304021229	3027	1680	4	0	1
Streptomycin	eccE1	389	SNV	V	A	11	-2.34296178	0.304021229	3027	1680	4	0	1
Streptomycin	eccCb1	509	SNV	I	V	11	-2.34296178	0.304021229	3027	1680	4	0	1
Streptomycin	eccCb1	360	SNV	T	M	11	-2.34296178	0.304021229	3027	1680	4	0	1
Streptomycin	eccCa1	158	SNV	A	T	11	-2.34296178	0.304021229	3027	1680	4	0	1
Streptomycin	Rv3836	39	SNV	R	H	11	-2.34296178	0.304021229	3027	1680	4	0	1
Streptomycin	pks2	462	SNV	P	L	11	-2.34296178	0.304021229	3027	1680	4	0	1
Streptomycin	pks2	125	SNV	M	T	11	-2.34296178	0.304021229	3027	1680	4	0	1
Streptomycin	Rv3787c	300	SNV	P	T	11	-2.34296178	0.304021229	3027	1680	4	0	1
Streptomycin	Rv3768	-	Broken	-	-	11	-2.34296178	0.304021229	3027	1680	4	0	1
Streptomycin	nth	158	SNV	R	L	11	-2.34296178	0.304021229	3027	1680	4	0	1
Streptomycin	dppB	92	SNV	A	V	11	-2.34296178	0.304021229	3027	1680	4	0	1
Streptomycin	Rv3645	417	SNV	F	V	11	-2.34296178	0.304021229	3027	1680	4	0	1
Streptomycin	espD	20	SNV	G	A	11	-2.34296178	0.304021229	3027	1680	4	0	1
Streptomycin	espD	19	SNV	W	G	11	-2.34296178	0.304021229	3027	1680	4	0	1
Streptomycin	espD	18	SNV	L	S	11	-2.34296178	0.304021229	3027	1680	4	0	1
Streptomycin	espD	17	SNV	D	I	11	-2.34296178	0.304021229	3027	1680	4	0	1
Streptomycin	Rv3524	237	SNV	A	T	11	-2.34296178	0.304021229	3027	1680	4	0	1
Streptomycin	Rv3486	98	SNV	G	R	11	-2.34296178	0.304021229	3027	1680	4	0	1
Streptomycin	rplM	21	SNV	T	A	11	-2.34296178	0.304021229	3027	1680	4	0	1
Streptomycin	rpsI	105	SNV	A	V	11	-2.34296178	0.304021229	3027	1680	4	0	1
Streptomycin	gadB	117	SNV	P	R	11	-2.34296178	0.304021229	3027	1680	4	0	1
Streptomycin	alr	75	SNV	T	A	11	-2.34296178	0.304021229	3027	1680	4	0	1
Streptomycin	sigJ	300	SNV	R	Q	11	-2.34296178	0.304021229	3027	1680	4	0	1
Streptomycin	mtrA	198	SNV	V	I	11	-2.34296178	0.304021229	3027	1680	4	0	1
Streptomycin	Rv3202c	126	SNV	I	M	11	-2.34296178	0.304021229	3027	1680	4	0	1
Streptomycin	Rv3093c	245	SNV	L	P	11	-2.34296178	0.304021229	3027	1680	4	0	1
Streptomycin	mmpL10	614	SNV	A	V	11	-2.34296178	0.304021229	3027	1680	4	0	1
Streptomycin	Rv0386	152	SNV	T	M	11	-2.34296178	0.304021229	3027	1680	4	0	1
Streptomycin	Rv1277	203	SNV	D	Y	11	-2.34296178	0.304021229	3027	1680	4	0	1
Streptomycin	Rv1356c	89	SNV	F	L	11	-2.34296178	0.304021229	3027	1680	4	0	1
Streptomycin	Rv1186c	262	SNV	E	A	11	-2.34296178	0.304021229	3027	1680	4	0	1
Streptomycin	mutB	71	SNV	E	Q	11	-2.34296178	0.304021229	3027	1680	4	0	1
Streptomycin	cysD	8	SNV	V	G	11	-2.34296178	0.304021229	3027	1680	4	0	1
Streptomycin	Rv1543	268	SNV	D	H	11	-2.34296178	0.304021229	3027	1680	4	0	1
Streptomycin	Rv1615	43	SNV	P	A	11	-2.34296178	0.304021229	3027	1680	4	0	1
Streptomycin	pks8	272	SNV	V	L	11	-2.34296178	0.304021229	3027	1680	4	0	1
Streptomycin	Rv1354c	247	SNV	I	N	11	-2.34296178	0.304021229	3027	1680	4	0	1
Streptomycin	mrp	228	SNV	V	L	11	-2.34296178	0.304021229	3027	1680	4	0	1
Streptomycin	ribH	12	Deletion	S	-	11	-2.34296178	0.304021229	3027	1680	4	0	1
Streptomycin	Rv1273c	175	SNV	I	T	11	-2.34296178	0.304021229	3027	1680	4	0	1
Streptomycin	Rv1730c	229	SNV	Q	P	11	-2.34296178	0.304021229	3027	1680	4	0	1
Streptomycin	Rv1258c	391	SNV	G	R	11	-2.34296178	0.304021229	3027	1680	4	0	1
Streptomycin	pncB1	87	SNV	A	S	11	-2.34296178	0.304021229	3027	1680	4	0	1
Streptomycin	Rv0622	177	SNV	G	S	11	-2.34296178	0.304021229	3027	1680	4	0	1
Streptomycin	Rv0621	204	SNV	F	C	11	-2.34296178	0.304021229	3027	1680	4	0	1
Streptomycin	Rv0585c	342	SNV	R	C	11	-2.34296178	0.304021229	3027	1680	4	0	1
Streptomycin	Rv0569	83	SNV	L	F	11	-2.34296178	0.304021229	3027	1680	4	0	1
Streptomycin	Rv0517	362	SNV	A	V	11	-2.34296178	0.304021229	3027	1680	4	0	1
Streptomycin	PE18	96	SNV	A	T	11	-2.34296178	0.304021229	3027	1680	4	0	1
Streptomycin	PPE19	305	SNV	G	D	11	-2.34296178	0.304021229	3027	1680	4	0	1
Streptomycin	fadA4	221	SNV	T	I	11	-2.34296178	0.304021229	3027	1680	4	0	1
Streptomycin	gcvB	276	SNV	P	S	11	-2.34296178	0.304021229	3027	1680	4	0	1
Streptomycin	Rv0496	321	SNV	N	D	11	-2.34296178	0.304021229	3027	1680	4	0	1
Streptomycin	ppsB	641	SNV	Q	R	12	-0.928940934	1	3029	1679	2	1	1
Streptomycin	rrs	517	SNV	C	T	13	2.074050736	1.06E-53	2995	1489	36	191	1
Ofloxacin	gyrA	-	PF00521 is changed	-	-	0	-3.133736098	2.79E-101	203	309	1276	161	5
Ofloxacin	Rv1897c	-	PF02580 is changed	-	-	1	-2.769858949	0.000122749	1369	457	110	13	3
Ofloxacin	gyrA	91	SNV	S	P	2	3.568291516	1.06E-17	1475	436	4	34	3
Ofloxacin	Rv0064	733	SNV	N	D	3	-0.681499538	0.032897758	2	4	1477	466	2
Ofloxacin	gyrA	94	SNV	D	Y	4	3.507742223	7.55E-14	1479	449	0	21	2
Ofloxacin	whiB6	-76	Deletion	CT	T	5	-1.484112125	0.006545402	9	10	1470	460	2
Ofloxacin	Rv2017	262	SNV	A	E	6	-0.943054104	5.88E-19	38	67	1441	403	1
Ofloxacin	Rv2017	-	PF06114 is changed	-	-	6	-0.943054104	5.88E-19	38	67	1441	403	1
Ofloxacin	Rv2024c	47	SNV	W	R	7	-0.415128636	0.062334402	3	4	1476	466	1
Ofloxacin	cdsA	301	SNV	V	I	8	-3.469290851	1.20E-05	1420	468	59	2	1
Ofloxacin	ppgK	93	SNV	A	S	8	-3.469290851	1.20E-05	1420	468	59	2	1
Ofloxacin	mmpL13a	217	SNV	S	P	8	-3.469290851	1.20E-05	1420	468	59	2	1
Ofloxacin	echA7	47	SNV	E	V	8	-3.469290851	1.20E-05	1420	468	59	2	1
Ofloxacin	fadE18	261	SNV	A	V	8	-3.469290851	1.20E-05	1420	468	59	2	1
Ofloxacin	atpF	-12	SNV	C	T	8	-3.469290851	1.20E-05	1420	468	59	2	1
Ofloxacin	cyp136	-25	SNV	C	T	8	-3.469290851	1.20E-05	1420	468	59	2	1
Moxifloxacin	gyrA	-	PF00521 is changed	-	-	0	-2.039550627	7.31E-46	187	173	761	84	5
Moxifloxacin	katG	-	PF00141 is changed	-	-	1	2.200813185	1.04E-37	547	37	401	220	4
Moxifloxacin	gyrA	91	SNV	S	P	2	2.854261289	4.43E-06	943	244	5	13	3
Moxifloxacin	Rv2017	-	PF06114 is changed	-	-	3	-1.247821981	2.24E-19	30	55	918	202	2
Moxifloxacin	Rv2017	262	SNV	A	E	3	-1.247821981	2.24E-19	30	55	918	202	2
Moxifloxacin	Rv3654c	-89	Deletion	GA	A	4	-1.750237294	0.015969129	7	7	941	250	1
Moxifloxacin	csd	-	PF00266 is changed	-	-	5	2.482807879	9.12E-33	934	193	14	64	1
Moxifloxacin	fadD9	-	PF00550 is changed	-	-	6	1.760777557	0.116819543	947	255	1	2	1
Moxifloxacin	gyrA	94	SNV	D	G	7	2.242566815	6.13E-50	931	166	17	91	1
Isoniazid	katG	-	PF00141 is changed	-	-	0	3.728304295	0	8046	735	76	2708	5
Isoniazid	katG	315	SNV	S	T	1	3.157728003	0.00E+00	8101	967	21	2476	5
Isoniazid	fabG1	-15	SNV	C	T	2	4.448397609	3.91E-273	8078	2839	44	604	5
Isoniazid	rpoB	-	PF04565 is changed	-	-	3	2.19257975	0.00E+00	7941	1268	181	2175	4
Isoniazid	inhA	-	PF13561 is changed	-	-	4	2.682987532	1.44E-95	8099	3212	23	231	4
Isoniazid	pepC	-	PF02127 is changed	-	-	5	0.826853036	3.01E-14	54	84	8068	3359	3
Isoniazid	PPE54	-	PF00823 is changed	-	-	6	-0.379769981	9.27E-12	169	154	7953	3289	2
Isoniazid	fadA	-	PF00108 is changed	-	-	7	0.130407626	3.53E-26	59	123	8063	3320	2
Isoniazid	PPE54	103	SNV	E	A	8	-0.255840121	3.00E-11	173	154	7949	3289	2
Isoniazid	Rv1739c	-	PF00916 is changed	-	-	9	-0.433328336	1.92E-192	1389	1513	6733	1930	1
Isoniazid	Rv2017	-	PF06114 is changed	-	-	10	0.867276066	1.28E-06	181	134	7941	3309	1
Isoniazid	Rv2017	262	SNV	A	E	10	0.867276066	1.28E-06	181	134	7941	3309	1
Isoniazid	aftA	304	SNV	D	G	11	-0.991925441	1	8120	3442	2	1	1
Isoniazid	Rv0726c	121	SNV	R	Q	12	-1.927436117	0.58745785	8120	3441	2	2	1
Isoniazid	esxC	6	SNV	T	M	12	-1.927436117	0.58745785	8120	3441	2	2	1
Isoniazid	hflX	299	SNV	D	N	12	-1.927436117	0.58745785	8120	3441	2	2	1
Isoniazid	acrA1	350	Deletion	L	-	12	-1.927436117	0.58745785	8120	3441	2	2	1
Isoniazid	acrA1	352	SNV	G	R	12	-1.927436117	0.58745785	8120	3441	2	2	1
Isoniazid	Rv3707c	64	SNV	S	A	12	-1.927436117	0.58745785	8120	3441	2	2	1
Isoniazid	fadD23	328	SNV	A	V	12	-1.927436117	0.58745785	8120	3441	2	2	1
Isoniazid	vapC36	4	SNV	D	A	12	-1.927436117	0.58745785	8120	3441	2	2	1
Isoniazid	Rv2269c	56	SNV	V	A	12	-1.927436117	0.58745785	8120	3441	2	2	1
Isoniazid	Rv2742c	254	SNV	R	C	12	-1.927436117	0.58745785	8120	3441	2	2	1
Isoniazid	phoR	152	SNV	S	R	12	-1.927436117	0.58745785	8120	3441	2	2	1
Isoniazid	PPE68	71	SNV	M	L	12	-1.927436117	0.58745785	8120	3441	2	2	1
Isoniazid	Rv1101c	-55	SNV	C	T	12	-1.927436117	0.58745785	8120	3441	2	2	1
Isoniazid	Rv0492c	552	SNV	N	D	12	-1.927436117	0.58745785	8120	3441	2	2	1
Isoniazid	Rv0942	-26	SNV	C	T	12	-1.927436117	0.58745785	8120	3441	2	2	1
Isoniazid	PPE30	42	SNV	A	S	12	-1.927436117	0.58745785	8120	3441	2	2	1
Isoniazid	Rv1730c	215	SNV	I	V	12	-1.927436117	0.58745785	8120	3441	2	2	1
Isoniazid	Rv1524	372	SNV	D	G	12	-1.927436117	0.58745785	8120	3441	2	2	1
Isoniazid	pitA	219	SNV	L	P	12	-1.927436117	0.58745785	8120	3441	2	2	1
Isoniazid	zwf2	392	SNV	T	P	12	-1.927436117	0.58745785	8120	3441	2	2	1
Isoniazid	Rv1273c	279	SNV	S	Y	12	-1.927436117	0.58745785	8120	3441	2	2	1
Isoniazid	Rv1060	44	SNV	K	R	12	-1.927436117	0.58745785	8120	3441	2	2	1
Isoniazid	MTS1338	47	SNV	G	T	12	-1.927436117	0.58745785	8120	3441	2	2	1
Isoniazid	rpoC	678	SNV	P	R	12	-1.927436117	0.58745785	8120	3441	2	2	1
Isoniazid	Rv0057	111	SNV	H	R	12	-1.927436117	0.58745785	8120	3441	2	2	1
Isoniazid	embB	-	PF04602 is changed	-	-	13	1.823923322	0.00E+00	7970	1582	152	1861	1
Isoniazid	Rv0658c	75	SNV	L	P	14	-0.70637665	4.09E-05	11	21	8111	3422	1
Isoniazid	Rv0648	447	SNV	E	G	15	-0.99051136	0.081942346	8121	3440	1	3	1
Isoniazid	serA2	310	SNV	L	P	15	-0.99051136	0.081942346	8121	3440	1	3	1
Isoniazid	dsbF	62	SNV	H	Q	15	-0.99051136	0.081942346	8121	3440	1	3	1
Isoniazid	ctpE	575	SNV	T	A	15	-0.99051136	0.081942346	8121	3440	1	3	1
Isoniazid	pks8	1050	SNV	W	C	15	-0.99051136	0.081942346	8121	3440	1	3	1
Isoniazid	Rv1593c	158	SNV	A	T	15	-0.99051136	0.081942346	8121	3440	1	3	1
Isoniazid	ctpD	441	SNV	L	P	15	-0.99051136	0.081942346	8121	3440	1	3	1
Isoniazid	kdpD	517	SNV	F	S	15	-0.99051136	0.081942346	8121	3440	1	3	1
Isoniazid	ndh	108	SNV	Y	C	15	-0.99051136	0.081942346	8121	3440	1	3	1
Isoniazid	Rv1719	121	SNV	D	G	15	-0.99051136	0.081942346	8121	3440	1	3	1
Isoniazid	Rv0093c	35	SNV	G	E	15	-0.99051136	0.081942346	8121	3440	1	3	1
Isoniazid	Rv1417	131	SNV	D	G	15	-0.99051136	0.081942346	8121	3440	1	3	1
Isoniazid	Rv1869c	273	SNV	P	S	15	-0.99051136	0.081942346	8121	3440	1	3	1
Isoniazid	Rv2077c	7	SNV	Q	K	15	-0.99051136	0.081942346	8121	3440	1	3	1
Isoniazid	Rv3268	77	SNV	I	V	15	-0.99051136	0.081942346	8121	3440	1	3	1
Isoniazid	Rv2722	64	SNV	N	S	15	-0.99051136	0.081942346	8121	3440	1	3	1
Isoniazid	Rv2707	289	SNV	T	M	15	-0.99051136	0.081942346	8121	3440	1	3	1
Isoniazid	embB	817	SNV	A	T	15	-0.99051136	0.081942346	8121	3440	1	3	1
Isoniazid	fusA2	-	PF03764 is changed	-	-	16	-0.316311808	0.010365805	25	23	8097	3420	1
Isoniazid	Rv0648	447	SNV	E	G	17	-0.992285352	0.081942346	8121	3440	1	3	1
Isoniazid	ndh	108	SNV	Y	C	17	-0.992285352	0.081942346	8121	3440	1	3	1
Isoniazid	serA2	310	SNV	L	P	17	-0.992285352	0.081942346	8121	3440	1	3	1
Isoniazid	Rv1869c	273	SNV	P	S	17	-0.992285352	0.081942346	8121	3440	1	3	1
Isoniazid	Rv1719	121	SNV	D	G	17	-0.992285352	0.081942346	8121	3440	1	3	1
Isoniazid	ctpD	441	SNV	L	P	17	-0.992285352	0.081942346	8121	3440	1	3	1
Isoniazid	pks8	1050	SNV	W	C	17	-0.992285352	0.081942346	8121	3440	1	3	1
Isoniazid	Rv1417	131	SNV	D	G	17	-0.992285352	0.081942346	8121	3440	1	3	1
Isoniazid	Rv2077c	7	SNV	Q	K	17	-0.992285352	0.081942346	8121	3440	1	3	1
Isoniazid	Rv1593c	158	SNV	A	T	17	-0.992285352	0.081942346	8121	3440	1	3	1
Isoniazid	kdpD	517	SNV	F	S	17	-0.992285352	0.081942346	8121	3440	1	3	1
Isoniazid	dsbF	62	SNV	H	Q	17	-0.992285352	0.081942346	8121	3440	1	3	1
Isoniazid	Rv2707	289	SNV	T	M	17	-0.992285352	0.081942346	8121	3440	1	3	1
Isoniazid	Rv0093c	35	SNV	G	E	17	-0.992285352	0.081942346	8121	3440	1	3	1
Isoniazid	Rv2722	64	SNV	N	S	17	-0.992285352	0.081942346	8121	3440	1	3	1
Isoniazid	Rv3268	77	SNV	I	V	17	-0.992285352	0.081942346	8121	3440	1	3	1
Isoniazid	embB	817	SNV	A	T	17	-0.992285352	0.081942346	8121	3440	1	3	1
Isoniazid	ctpE	575	SNV	T	A	17	-0.992285352	0.081942346	8121	3440	1	3	1
Isoniazid	Rv0383c	-84	SNV	A	C	18	0.116510791	0.000601447	5	12	8117	3431	1
Isoniazid	Rv0108c	-73	Insertion	T	GT	19	-0.94564239	1.32E-05	4	15	8118	3428	1
Isoniazid	kdpD	517	SNV	F	S	20	-0.994840452	0.081942346	8121	3440	1	3	1
Isoniazid	Rv1115	226	SNV	H	Q	20	-0.994840452	0.081942346	8121	3440	1	3	1
Isoniazid	ggtB	628	SNV	G	S	20	-0.994840452	0.081942346	8121	3440	1	3	1
Isoniazid	virS	331	SNV	Y	D	20	-0.994840452	0.081942346	8121	3440	1	3	1
Isoniazid	Rv1593c	158	SNV	A	T	20	-0.994840452	0.081942346	8121	3440	1	3	1
Isoniazid	pks8	1050	SNV	W	C	20	-0.994840452	0.081942346	8121	3440	1	3	1
Isoniazid	Rv1674c	92	SNV	A	P	20	-0.994840452	0.081942346	8121	3440	1	3	1
Isoniazid	dsbF	62	SNV	H	Q	20	-0.994840452	0.081942346	8121	3440	1	3	1
Isoniazid	Rv1703c	4	SNV	T	A	20	-0.994840452	0.081942346	8121	3440	1	3	1
Isoniazid	Rv1719	121	SNV	D	G	20	-0.994840452	0.081942346	8121	3440	1	3	1
Isoniazid	ctpD	441	SNV	L	P	20	-0.994840452	0.081942346	8121	3440	1	3	1
Isoniazid	Rv1417	131	SNV	D	G	20	-0.994840452	0.081942346	8121	3440	1	3	1
Isoniazid	dnaJ2	269	SNV	H	R	20	-0.994840452	0.081942346	8121	3440	1	3	1
Isoniazid	ndh	108	SNV	Y	C	20	-0.994840452	0.081942346	8121	3440	1	3	1
Isoniazid	Rv2077c	7	SNV	Q	K	20	-0.994840452	0.081942346	8121	3440	1	3	1
Isoniazid	cobN	859	SNV	G	S	20	-0.994840452	0.081942346	8121	3440	1	3	1
Isoniazid	Rv2061c	103	SNV	I	V	20	-0.994840452	0.081942346	8121	3440	1	3	1
Isoniazid	glnD	446	SNV	T	I	20	-0.994840452	0.081942346	8121	3440	1	3	1
Isoniazid	Rv2722	64	SNV	N	S	20	-0.994840452	0.081942346	8121	3440	1	3	1
Isoniazid	Rv2707	289	SNV	T	M	20	-0.994840452	0.081942346	8121	3440	1	3	1
Isoniazid	Rv3860	208	SNV	A	E	20	-0.994840452	0.081942346	8121	3440	1	3	1
Isoniazid	Rv3856c	83	SNV	D	G	20	-0.994840452	0.081942346	8121	3440	1	3	1
Isoniazid	accD4	400	SNV	V	L	20	-0.994840452	0.081942346	8121	3440	1	3	1
Isoniazid	atsH	220	SNV	P	S	20	-0.994840452	0.081942346	8121	3440	1	3	1
Isoniazid	embB	817	SNV	A	T	20	-0.994840452	0.081942346	8121	3440	1	3	1
Isoniazid	Rv3559c	29	SNV	T	A	20	-0.994840452	0.081942346	8121	3440	1	3	1
Isoniazid	Rv3268	77	SNV	I	V	20	-0.994840452	0.081942346	8121	3440	1	3	1
Isoniazid	glnA2	83	SNV	T	S	20	-0.994840452	0.081942346	8121	3440	1	3	1
Isoniazid	Rv1869c	273	SNV	P	S	20	-0.994840452	0.081942346	8121	3440	1	3	1
Isoniazid	Rv2297	-28	SNV	C	T	20	-0.994840452	0.081942346	8121	3440	1	3	1
Isoniazid	Rv0648	447	SNV	E	G	20	-0.994840452	0.081942346	8121	3440	1	3	1
Isoniazid	serA2	310	SNV	L	P	20	-0.994840452	0.081942346	8121	3440	1	3	1
Isoniazid	lpqL	151	SNV	D	G	20	-0.994840452	0.081942346	8121	3440	1	3	1
Isoniazid	ctpE	575	SNV	T	A	20	-0.994840452	0.081942346	8121	3440	1	3	1
Isoniazid	Rv0045c	166	SNV	V	A	20	-0.994840452	0.081942346	8121	3440	1	3	1
Isoniazid	Rv0093c	35	SNV	G	E	20	-0.994840452	0.081942346	8121	3440	1	3	1
Isoniazid	Rv0369c	160	SNV	V	G	20	-0.994840452	0.081942346	8121	3440	1	3	1
Isoniazid	mcr7	274	SNV	T	C	20	-0.994840452	0.081942346	8121	3440	1	3	1
Isoniazid	mazF8	35	SNV	C	F	21	-1.948130947	1	8120	3442	2	1	1
Isoniazid	mce3F	396	SNV	A	E	22	-0.69023745	3.38E-110	432	664	7690	2779	1
Isoniazid	Rv0012	233	SNV	C	R	23	-0.000576436	0.010090317	3	7	8119	3436	1
Isoniazid	ctpB	-	PF00403 is changed	-	-	24	-0.751595768	7.08E-08	12	29	8110	3414	1
Rifampicin	eccC2	258	SNV	R	P	0	-1.068103151	0.00E+00	1009	1390	7794	1456	5
Rifampicin	rpoB	435	SNV	D	V	1	5.416509973	2.90E-118	8801	2651	2	195	5
Rifampicin	rpoB	450	SNV	S	L	2	2.150077685	0.00E+00	8776	994	27	1852	5
Rifampicin	rpoB	-	PF04565 is changed	-	-	3	4.461002623	0	8694	528	109	2318	5
Rifampicin	fadA	-	PF00108 is changed	-	-	4	-0.352526144	1.53E-41	64	141	8739	2705	4
Rifampicin	katG	-	PF00141 is changed	-	-	5	1.993905323	0.00E+00	8178	619	625	2227	4
Rifampicin	rpoB	435	SNV	D	Y	6	3.397224778	4.70E-25	8787	2783	16	63	3
Rifampicin	rpoB	170	SNV	V	F	7	4.660325183	2.27E-20	8803	2814	0	32	2
Rifampicin	PPE54	103	SNV	E	A	8	-0.079878951	5.43E-14	189	143	8614	2703	1
Rifampicin	PPE54	-	PF00823 is changed	-	-	9	-0.148525536	2.42E-14	186	143	8617	2703	1
Rifampicin	Rv0108c	-73	Insertion	T	GT	10	-1.350261517	8.48E-06	5	14	8798	2832	1
Rifampicin	Rv2017	262	SNV	A	E	11	-0.204107784	8.93E-17	187	152	8616	2694	1
Rifampicin	Rv2017	-	PF06114 is changed	-	-	12	-0.231978562	7.51E-17	186	152	8617	2694	1
Rifampicin	ctpB	-	PF00403 is changed	-	-	13	0.354927633	1.68E-10	18	35	8785	2811	1
Rifampicin	fusA2	-	PF03764 is changed	-	-	14	-1.915215849	1.91E-04	23	23	8780	2823	1
Rifampicin	pepC	-	PF02127 is changed	-	-	15	-0.401014784	8.79E-26	58	101	8745	2745	1
Ethambutol	embB	406	SNV	G	A	0	2.791590567	7.72E-29	8628	1474	22	55	5
Ethambutol	embB	-	PF04602 is changed	-	-	1	2.836026789	0.00E+00	7982	301	668	1228	5
Ethambutol	rpoB	-	PF04565 is changed	-	-	2	1.792184253	0.00E+00	7675	314	975	1215	5
Ethambutol	embB	406	SNV	G	S	3	3.30840198	6.33E-17	8642	1501	8	28	4
Ethambutol	ctpB	-	PF00403 is changed	-	-	4	-1.514031533	6.56E-13	19	29	8631	1500	3
Ethambutol	eccC2	258	SNV	R	P	5	-0.583951569	4.61E-223	1363	848	7287	681	3
Ethambutol	fadA	-	PF00108 is changed	-	-	6	-0.652432024	3.61E-33	104	104	8546	1425	3
Ethambutol	nadD	-44	SNV	T	G	7	-1.2939281	8.06E-05	6	9	8644	1520	2
Ethambutol	rpoB	435	SNV	D	V	8	2.435387179	7.78E-49	8587	1419	63	110	2
Ethambutol	Rv0012	233	SNV	C	R	9	-0.998391968	0.002859647	3	5	8647	1524	1
Ethambutol	Rv0383c	-84	SNV	A	C	10	-0.599674815	0.007547184	7	6	8643	1523	1
Ethambutol	Rv2017	262	SNV	A	E	11	0.00276078	1.54E-18	187	103	8463	1426	1
Ethambutol	Rv2017	-	PF06114 is changed	-	-	12	-0.013889875	1.19E-18	186	103	8464	1426	1
Ethambutol	pimA	352	SNV	D	N	13	2.419383508	0.003383627	8650	1526	0	3	1
Ethambutol	vapC43	-	PF01850 is changed	-	-	14	3.242287203	1.45E-13	8649	1512	1	17	1
Ethambutol	Rv2172c	194	SNV	H	R	14	3.242287203	1.45E-13	8649	1512	1	17	1
Ethambutol	Rv0188	74	SNV	A	E	14	3.242287203	1.45E-13	8649	1512	1	17	1
Ethambutol	esxF	16	SNV	G	C	14	3.242287203	1.45E-13	8649	1512	1	17	1
Ethambutol	Rv3910	354	SNV	G	D	14	3.242287203	1.45E-13	8649	1512	1	17	1
Ethambutol	Rv3435c	141	SNV	A	P	14	3.242287203	1.45E-13	8649	1512	1	17	1
Ethambutol	Rv2507	-45	SNV	C	A	14	3.242287203	1.45E-13	8649	1512	1	17	1
Ethambutol	lipJ	218	SNV	R	L	14	3.242287203	1.45E-13	8649	1512	1	17	1
Ethambutol	far	81	SNV	V	L	14	3.242287203	1.45E-13	8649	1512	1	17	1
Ethambutol	fadE22	393	SNV	V	L	14	3.242287203	1.45E-13	8649	1512	1	17	1
Ethambutol	ctpV	257	SNV	L	M	14	3.242287203	1.45E-13	8649	1512	1	17	1
Ethambutol	PPE26	215	SNV	L	H	14	3.242287203	1.45E-13	8649	1512	1	17	1
Ethambutol	gyrA	193	SNV	N	S	14	3.242287203	1.45E-13	8649	1512	1	17	1
Ethambutol	Rv3030	259	SNV	R	C	14	3.242287203	1.45E-13	8649	1512	1	17	1
Ethambutol	Rv0045c	139	SNV	V	G	14	3.242287203	1.45E-13	8649	1512	1	17	1
Ethambutol	lppZ	173	SNV	G	D	14	3.242287203	1.45E-13	8649	1512	1	17	1
Ethambutol	Rv0841	-48	SNV	C	T	14	3.242287203	1.45E-13	8649	1512	1	17	1
Ethambutol	Rv1062	-31	SNV	C	T	14	3.242287203	1.45E-13	8649	1512	1	17	1
Ethambutol	PPE1	205	SNV	K	N	14	3.242287203	1.45E-13	8649	1512	1	17	1
Ethambutol	ctpI	465	SNV	A	E	14	3.242287203	1.45E-13	8649	1512	1	17	1
Ethambutol	Rv0307c	85	SNV	R	P	14	3.242287203	1.45E-13	8649	1512	1	17	1
Ethambutol	Rv0042c	104	SNV	D	Y	14	3.242287203	1.45E-13	8649	1512	1	17	1
Ethambutol	eccE1	439	SNV	R	W	14	3.242287203	1.45E-13	8649	1512	1	17	1
Ethambutol	Rv3479	501	SNV	V	L	14	3.242287203	1.45E-13	8649	1512	1	17	1
Ethambutol	ppsC	1212	SNV	V	I	14	3.242287203	1.45E-13	8649	1512	1	17	1
Ethambutol	uvrD2	360	SNV	A	V	14	3.242287203	1.45E-13	8649	1512	1	17	1
Ethambutol	Rv3698	95	SNV	Y	H	14	3.242287203	1.45E-13	8649	1512	1	17	1
Ethambutol	PPE45	98	SNV	E	D	14	3.242287203	1.45E-13	8649	1512	1	17	1
Ethambutol	Rv1184c	320	SNV	D	N	14	3.242287203	1.45E-13	8649	1512	1	17	1
Ethambutol	metS	53	SNV	L	M	14	3.242287203	1.45E-13	8649	1512	1	17	1
Ethambutol	dprE2	11	SNV	T	K	14	3.242287203	1.45E-13	8649	1512	1	17	1
Ethambutol	pncB1	315	SNV	G	S	14	3.242287203	1.45E-13	8649	1512	1	17	1
Ethambutol	echA12	157	SNV	N	T	14	3.242287203	1.45E-13	8649	1512	1	17	1
Ethambutol	Rv1100	185	SNV	E	K	14	3.242287203	1.45E-13	8649	1512	1	17	1
Ethambutol	pks13	1573	SNV	E	G	14	3.242287203	1.45E-13	8649	1512	1	17	1
Ethambutol	aldC	378	SNV	D	G	14	3.242287203	1.45E-13	8649	1512	1	17	1
Ethambutol	Rv1351	65	SNV	E	K	14	3.242287203	1.45E-13	8649	1512	1	17	1
Pyrazinamide	pncA	-	PF00857 is changed	-	-	0	3.157635017	0.00E+00	7647	359	415	746	5
Pyrazinamide	fadA	-	PF00108 is changed	-	-	1	-2.083138849	8.33E-31	59	69	8003	1036	5
Pyrazinamide	Rv2017	262	SNV	A	E	2	0.131484935	6.44E-18	150	76	7912	1029	4
Pyrazinamide	Rv2017	-	PF06114 is changed	-	-	3	0.108132417	4.82E-18	149	76	7913	1029	4
Pyrazinamide	ctpB	-	PF00403 is changed	-	-	4	-0.733498974	1.75E-05	17	13	8045	1092	4
Pyrazinamide	Rv0108c	-73	Insertion	T	GT	5	-0.820827004	0.006229657	6	5	8056	1100	4
Pyrazinamide	nadD	-44	SNV	T	G	6	-1.626613015	6.68E-05	6	8	8056	1097	4
Pyrazinamide	rpoB	-	PF04565 is changed	-	-	7	1.962645816	0.00E+00	7144	283	918	822	4
Pyrazinamide	Rv2585c	462	SNV	C	S	8	-0.615776711	0.019828325	9	5	8053	1100	3
Pyrazinamide	gyrA	21	SNV	E	Q	9	0.91120226	0.473967163	4	1	8058	1104	2
Pyrazinamide	Rv1927	166	SNV	L	P	10	-3.597678616	0.052977135	7943	1097	119	8	2
Pyrazinamide	pncA	6	SNV	I	L	10	-3.597678616	0.052977135	7943	1097	119	8	2
Pyrazinamide	eccC3	214	SNV	P	R	11	0.05500847	0.537410329	5	1	8057	1104	2
Pyrazinamide	pepC	-	PF02127 is changed	-	-	12	-0.884614568	8.35E-13	63	41	7999	1064	2
Pyrazinamide	pncA	-11	SNV	T	C	13	4.104359231	9.27E-38	8051	1053	11	52	2
Pyrazinamide	pncA	-	Broken	-	-	14	4.654268186	1.00E-66	8053	1022	9	83	2
Pyrazinamide	Rv0012	233	SNV	C	R	15	0.475880574	0.473967163	4	1	8058	1104	1
Pyrazinamide	pncA	6	SNV	I	L	16	-3.067555444	0.052977135	7943	1097	119	8	1
Pyrazinamide	Rv1927	166	SNV	L	P	16	-3.067555444	0.052977135	7943	1097	119	8	1
Pyrazinamide	pabC	145	SNV	I	M	17	1.276717873	1	4	0	8058	1105	1
Pyrazinamide	ephE	-43	SNV	G	C	17	1.276717873	1	4	0	8058	1105	1
Pyrazinamide	Rv0338c	621	SNV	A	V	17	1.276717873	1	4	0	8058	1105	1
Pyrazinamide	tesB1	121	SNV	H	L	18	0.352051124	1	3	0	8059	1105	1
Capreomycin	rrs	1401	SNV	A	G	0	3.619616097	3.32E-149	1468	148	62	256	5
Capreomycin	fabG1	-15	SNV	C	T	1	1.480731364	2.25E-34	1382	257	148	147	4
Capreomycin	embA	-11	SNV	C	A	2	2.350236498	1.41E-06	1522	388	8	16	1
Capreomycin	pepC	-	PF02127 is changed	-	-	3	-0.971039445	2.65E-09	18	28	1512	376	1
Capreomycin	vapC46	42	SNV	A	T	4	-1.992758841	0.699414268	1452	386	78	18	1
Ethionamide	fabG1	-15	SNV	C	T	0	2.058760425	1.20E-35	350	108	64	169	4
Ethionamide	inhA	-	PF13561 is changed	-	-	1	1.897533412	2.34E-31	393	165	21	112	4
Ethionamide	ethA	-	PF00743 is changed	-	-	2	1.909505061	9.63E-06	407	252	7	25	3
Ethionamide	fbpC	-	PF00756 is changed	-	-	3	-1.992656983	1.44E-06	325	255	89	22	3
Ethionamide	Rv0094c	-49	SNV	C	T	4	-1.052012303	2.04E-17	172	205	242	72	1
Ethionamide	Rv0221	-	PF06974 is changed	-	-	5	-2.295047862	8.14E-14	328	270	86	7	1
Ethionamide	pta	-	PF01515 is changed	-	-	6	-2.025502706	0.195440808	377	260	37	17	1
Ethionamide	rplA	-	PF00687 is changed	-	-	7	1.838433987	0.024359115	410	267	4	10	1
Ethionamide	ubiA	-	PF01040 is changed	-	-	8	1.377866626	3.91E-05	382	226	32	51	1
Ethionamide	whiB6	-	PF02467 is changed	-	-	9	1.401609235	0.003574275	400	253	14	24	1
Prothionamide	pncA	-	PF00857 is changed	-	-	0	1.374676591	1.60E-08	242	133	17	47	3
Prothionamide	ethA	-	PF00743 is changed	-	-	1	1.506283836	6.44E-08	238	130	21	50	2
Prothionamide	fabG1	-15	SNV	C	T	2	1.53376087	2.60E-07	253	151	6	29	2
Prothionamide	PPE46	417	SNV	S	G	3	1.58747312	0.003876327	254	166	5	14	1
Prothionamide	Rv0302	-99	Deletion	GC	C	4	1.820054086	0.000135041	257	166	2	14	1
Prothionamide	Rv1363c	73	Deletion	DYD	-	5	1.941219821	2.66E-05	258	166	1	14	1
Prothionamide	Rv3910	-	PF03023 is changed	-	-	5	1.941219821	2.66E-05	258	166	1	14	1
Prothionamide	ethA	-	PF13450 is changed	-	-	6	1.316540824	1.71E-05	243	144	16	36	1
Ciprofloxacin	pks8	1357	SNV	A	T	0	-2.967578	4.80E-33	13	58	343	43	5
Ciprofloxacin	gyrA	-	PF00521 is changed	-	-	1	-2.063205171	2.71E-26	62	75	294	26	3
Ciprofloxacin	gyrA	94	SNV	D	G	2	3.767054262	6.40E-29	354	59	2	42	2
Ciprofloxacin	Rv0295c	-	PF09037 is changed	-	-	3	2.29094373	0.002276325	356	97	0	4	1
Ciprofloxacin	Rv2509	203	SNV	V	I	3	2.29094373	2.28E-03	356	97	0	4	1
Ciprofloxacin	PE_PGRS48	252	SNV	D	N	3	2.29094373	2.28E-03	356	97	0	4	1
Ciprofloxacin	Rv2917	134	SNV	H	L	3	2.29094373	2.28E-03	356	97	0	4	1
Ciprofloxacin	Rv2024c	54	SNV	R	W	3	2.29094373	2.28E-03	356	97	0	4	1
Ciprofloxacin	Rv2917	-	PF04851 is changed	-	-	3	2.29094373	2.28E-03	356	97	0	4	1
Ciprofloxacin	Rv2508c	135	SNV	V	I	3	2.29094373	0.002276325	356	97	0	4	1
Ciprofloxacin	Rv3719	-26	SNV	G	A	3	2.29094373	0.002276325	356	97	0	4	1
Ciprofloxacin	Rv2492	15	SNV	G	R	3	2.29094373	0.002276325	356	97	0	4	1
Ciprofloxacin	Rv3032A	-3	SNV	G	A	3	2.29094373	0.002276325	356	97	0	4	1
Ciprofloxacin	Rv0316	-31	SNV	C	A	3	2.29094373	0.002276325	356	97	0	4	1
Ciprofloxacin	Rv3654c	-56	SNV	G	A	3	2.29094373	0.002276325	356	97	0	4	1
Ciprofloxacin	Rv0376c	342	SNV	A	V	3	2.29094373	0.002276325	356	97	0	4	1
Ciprofloxacin	Rv0295c	133	SNV	G	D	3	2.29094373	2.28E-03	356	97	0	4	1
Ciprofloxacin	Rv1810	10	Insertion	-	CKPM	3	2.29094373	2.28E-03	356	97	0	4	1
Ciprofloxacin	narX	81	SNV	W	C	3	2.29094373	0.002276325	356	97	0	4	1
Ciprofloxacin	Rv1358	1120	SNV	I	V	3	2.29094373	2.28E-03	356	97	0	4	1
Ciprofloxacin	Rv1109c	119	SNV	S	P	3	2.29094373	2.28E-03	356	97	0	4	1
Ciprofloxacin	nuoD	428	SNV	V	I	3	2.29094373	0.002276325	356	97	0	4	1
Ciprofloxacin	Rv3491	150	SNV	V	L	3	2.29094373	0.002276325	356	97	0	4	1
Ciprofloxacin	Rv2175c	94	SNV	R	L	3	2.29094373	0.002276325	356	97	0	4	1
Ciprofloxacin	accD1	142	SNV	A	V	3	2.29094373	2.28E-03	356	97	0	4	1
Ciprofloxacin	Rv2100	409	SNV	L	S	3	2.29094373	2.28E-03	356	97	0	4	1
Ciprofloxacin	Rv1004c	157	SNV	P	L	3	2.29094373	2.28E-03	356	97	0	4	1
Ciprofloxacin	Rv2418c	180	SNV	G	A	4	1.49575718	0.124308204	355	99	1	2	1
Ciprofloxacin	folC	41	SNV	T	P	4	1.49575718	0.124308204	355	99	1	2	1
Ciprofloxacin	Rv2298	136	SNV	L	P	4	1.49575718	0.124308204	355	99	1	2	1
Ciprofloxacin	Rv1148c	388	SNV	K	T	4	1.49575718	0.124308204	355	99	1	2	1
Ciprofloxacin	Rv2294	266	SNV	V	I	4	1.49575718	0.124308204	355	99	1	2	1
Ciprofloxacin	Rv2030c	579	SNV	R	H	4	1.49575718	0.124308204	355	99	1	2	1
Ciprofloxacin	Rv2577	-	PF00149 is changed	-	-	4	1.49575718	0.124308204	355	99	1	2	1
Ciprofloxacin	omt	164	SNV	L	M	4	1.49575718	0.124308204	355	99	1	2	1
Ciprofloxacin	Rv2308	155	SNV	E	Q	4	1.49575718	0.124308204	355	99	1	2	1
Ciprofloxacin	Rv1482c	103	SNV	E	G	4	1.49575718	0.124308204	355	99	1	2	1
Ciprofloxacin	crp	105	SNV	D	V	4	1.49575718	0.124308204	355	99	1	2	1
Ciprofloxacin	ureC	566	SNV	A	V	4	1.49575718	0.124308204	355	99	1	2	1
Ciprofloxacin	vapB31	-	Broken	-	-	4	1.49575718	0.124308204	355	99	1	2	1
Ciprofloxacin	fadE12	354	SNV	A	V	4	1.49575718	0.124308204	355	99	1	2	1
Ciprofloxacin	Rv0039c	85	SNV	W	S	4	1.49575718	1.24E-01	355	99	1	2	1
Ciprofloxacin	Rv0064	884	SNV	A	T	4	1.49575718	0.124308204	355	99	1	2	1
Ciprofloxacin	Rv0395	-	Broken	-	-	4	1.49575718	0.124308204	355	99	1	2	1
Ciprofloxacin	leuD	-79	SNV	C	G	4	1.49575718	0.124308204	355	99	1	2	1
Ciprofloxacin	fadA3	-32	SNV	A	G	4	1.49575718	0.124308204	355	99	1	2	1
Ciprofloxacin	ahpC	-42	SNV	T	C	4	1.49575718	0.124308204	355	99	1	2	1
Ciprofloxacin	rpfA	-74	SNV	G	A	4	1.49575718	0.124308204	355	99	1	2	1
Ciprofloxacin	espH	-27	SNV	T	G	4	1.49575718	0.124308204	355	99	1	2	1
Ciprofloxacin	fadD11	-	Broken	-	-	4	1.49575718	0.124308204	355	99	1	2	1
Ciprofloxacin	Rv0541c	333	SNV	W	C	4	1.49575718	0.124308204	355	99	1	2	1
Ciprofloxacin	fadD22	343	SNV	W	S	4	1.49575718	0.124308204	355	99	1	2	1
Ciprofloxacin	mmsA	-20	SNV	G	T	4	1.49575718	0.124308204	355	99	1	2	1
Ciprofloxacin	Rv1148c	-	PF01844 is changed	-	-	4	1.49575718	0.124308204	355	99	1	2	1
Ciprofloxacin	Rv3057c	169	SNV	G	E	4	1.49575718	0.124308204	355	99	1	2	1
Ciprofloxacin	Rv3087	364	SNV	I	V	4	1.49575718	0.124308204	355	99	1	2	1
Ciprofloxacin	Rv3096	148	SNV	G	E	4	1.49575718	0.124308204	355	99	1	2	1
Ciprofloxacin	Rv3174	-	Broken	-	-	4	1.49575718	0.124308204	355	99	1	2	1
Ciprofloxacin	Rv3224	157	SNV	L	R	4	1.49575718	0.124308204	355	99	1	2	1
Ciprofloxacin	pmmA	232	SNV	A	T	4	1.49575718	0.124308204	355	99	1	2	1
Ciprofloxacin	Rv3415c	58	SNV	S	A	4	1.49575718	0.124308204	355	99	1	2	1
Ciprofloxacin	fadD17	81	SNV	V	L	4	1.49575718	0.124308204	355	99	1	2	1
Ciprofloxacin	hsd4B	150	SNV	G	R	4	1.49575718	0.124308204	355	99	1	2	1
Ciprofloxacin	panD	126	SNV	E	V	4	1.49575718	0.124308204	355	99	1	2	1
Ciprofloxacin	Rv3651	320	SNV	G	E	4	1.49575718	0.124308204	355	99	1	2	1
Ciprofloxacin	Rv3680	132	SNV	E	D	4	1.49575718	0.124308204	355	99	1	2	1
Ciprofloxacin	yrbE3B	-	Broken	-	-	4	1.49575718	0.124308204	355	99	1	2	1
Ciprofloxacin	Rv3688c	129	SNV	V	L	4	1.49575718	0.124308204	355	99	1	2	1
Ciprofloxacin	fadE35	423	SNV	G	S	4	1.49575718	0.124308204	355	99	1	2	1
Ciprofloxacin	Rv2884	243	Deletion	ISES	-	4	1.49575718	0.124308204	355	99	1	2	1
Ciprofloxacin	vapC43	142	SNV	D	G	4	1.49575718	0.124308204	355	99	1	2	1
Ciprofloxacin	Rv2850c	124	Deletion	A	-	4	1.49575718	0.124308204	355	99	1	2	1
Ciprofloxacin	Rv2799	32	Deletion	V	-	4	1.49575718	0.124308204	355	99	1	2	1
Ciprofloxacin	truB	151	SNV	D	G	4	1.49575718	0.124308204	355	99	1	2	1
Ciprofloxacin	Rv3737	115	SNV	R	Q	4	1.49575718	0.124308204	355	99	1	2	1
Ciprofloxacin	suhB	190	SNV	K	T	4	1.49575718	0.124308204	355	99	1	2	1
Ciprofloxacin	Rv2573	223	SNV	A	V	4	1.49575718	0.124308204	355	99	1	2	1
Ciprofloxacin	vapB17	-	Broken	-	-	4	1.49575718	0.124308204	355	99	1	2	1
Ciprofloxacin	gid	48	SNV	H	N	4	1.49575718	0.124308204	355	99	1	2	1
Ciprofloxacin	Rv3822	303	SNV	G	S	4	1.49575718	0.124308204	355	99	1	2	1
Ciprofloxacin	fadE35	434	SNV	A	D	4	1.49575718	0.124308204	355	99	1	2	1
Ciprofloxacin	Rv2577	218	SNV	L	R	4	1.49575718	0.124308204	355	99	1	2	1
Ciprofloxacin	Rv2974c	-	PF02734 is changed	-	-	4	1.49575718	0.124308204	355	99	1	2	1
Ciprofloxacin	Rv3032A	-3	SNV	G	A	5	2.395279288	0.002276325	356	97	0	4	1
Ciprofloxacin	PE_PGRS48	252	SNV	D	N	5	2.395279288	0.002276325	356	97	0	4	1
Ciprofloxacin	Rv2917	134	SNV	H	L	5	2.395279288	0.002276325	356	97	0	4	1
Ciprofloxacin	Rv2024c	54	SNV	R	W	5	2.395279288	0.002276325	356	97	0	4	1
Ciprofloxacin	Rv2100	409	SNV	L	S	5	2.395279288	0.002276325	356	97	0	4	1
Ciprofloxacin	Rv2175c	94	SNV	R	L	5	2.395279288	0.002276325	356	97	0	4	1
Ciprofloxacin	Rv2509	203	SNV	V	I	5	2.395279288	0.002276325	356	97	0	4	1
Ciprofloxacin	Rv1109c	119	SNV	S	P	5	2.395279288	0.002276325	356	97	0	4	1
Ciprofloxacin	narX	81	SNV	W	C	5	2.395279288	0.002276325	356	97	0	4	1
Ciprofloxacin	Rv1358	1120	SNV	I	V	5	2.395279288	0.002276325	356	97	0	4	1
Ciprofloxacin	Rv3654c	-56	SNV	G	A	5	2.395279288	0.002276325	356	97	0	4	1
Ciprofloxacin	Rv0376c	342	SNV	A	V	5	2.395279288	0.002276325	356	97	0	4	1
Ciprofloxacin	Rv0295c	133	SNV	G	D	5	2.395279288	0.002276325	356	97	0	4	1
Ciprofloxacin	Rv1810	10	Insertion	-	CKPM	5	2.395279288	0.002276325	356	97	0	4	1
Ciprofloxacin	Rv1004c	157	SNV	P	L	5	2.395279288	0.002276325	356	97	0	4	1
Ciprofloxacin	Rv2508c	135	SNV	V	I	5	2.395279288	0.002276325	356	97	0	4	1
Ciprofloxacin	Rv0316	-31	SNV	C	A	5	2.395279288	0.002276325	356	97	0	4	1
Ciprofloxacin	Rv2492	15	SNV	G	R	5	2.395279288	0.002276325	356	97	0	4	1
Ciprofloxacin	Rv2917	-	PF04851 is changed	-	-	5	2.395279288	0.002276325	356	97	0	4	1
Ciprofloxacin	Rv3719	-26	SNV	G	A	5	2.395279288	0.002276325	356	97	0	4	1
Ciprofloxacin	accD1	142	SNV	A	V	5	2.395279288	0.002276325	356	97	0	4	1
Ciprofloxacin	Rv0295c	-	PF09037 is changed	-	-	5	2.395279288	0.002276325	356	97	0	4	1
Ciprofloxacin	nuoD	428	SNV	V	I	5	2.395279288	0.002276325	356	97	0	4	1
Ciprofloxacin	Rv3491	150	SNV	V	L	5	2.395279288	0.002276325	356	97	0	4	1
Ciprofloxacin	fadD1	-	PF00501 is changed	-	-	6	2.412595265	0.009431927	355	97	1	4	1
Ciprofloxacin	narX	81	SNV	W	C	7	2.242768767	0.002276325	356	97	0	4	1
Ciprofloxacin	Rv2175c	94	SNV	R	L	7	2.242768767	0.002276325	356	97	0	4	1
Ciprofloxacin	Rv2024c	54	SNV	R	W	7	2.242768767	0.002276325	356	97	0	4	1
Ciprofloxacin	Rv2917	134	SNV	H	L	7	2.242768767	0.002276325	356	97	0	4	1
Ciprofloxacin	Rv2492	15	SNV	G	R	7	2.242768767	0.002276325	356	97	0	4	1
Ciprofloxacin	Rv1358	1120	SNV	I	V	7	2.242768767	0.002276325	356	97	0	4	1
Ciprofloxacin	PE_PGRS48	252	SNV	D	N	7	2.242768767	0.002276325	356	97	0	4	1
Ciprofloxacin	Rv2509	203	SNV	V	I	7	2.242768767	0.002276325	356	97	0	4	1
Ciprofloxacin	Rv2508c	135	SNV	V	I	7	2.242768767	0.002276325	356	97	0	4	1
Ciprofloxacin	nuoD	428	SNV	V	I	7	2.242768767	0.002276325	356	97	0	4	1
Ciprofloxacin	Rv3032A	-3	SNV	G	A	7	2.242768767	0.002276325	356	97	0	4	1
Ciprofloxacin	accD1	142	SNV	A	V	7	2.242768767	0.002276325	356	97	0	4	1
Ciprofloxacin	Rv3491	150	SNV	V	L	7	2.242768767	0.002276325	356	97	0	4	1
Ciprofloxacin	Rv2100	409	SNV	L	S	7	2.242768767	0.002276325	356	97	0	4	1
Ciprofloxacin	Rv1810	10	Insertion	-	CKPM	7	2.242768767	0.002276325	356	97	0	4	1
Ciprofloxacin	Rv0316	-31	SNV	C	A	7	2.242768767	0.002276325	356	97	0	4	1
Ciprofloxacin	Rv3654c	-56	SNV	G	A	7	2.242768767	0.002276325	356	97	0	4	1
Ciprofloxacin	Rv0376c	342	SNV	A	V	7	2.242768767	0.002276325	356	97	0	4	1
Ciprofloxacin	Rv1004c	157	SNV	P	L	7	2.242768767	0.002276325	356	97	0	4	1
Ciprofloxacin	Rv0295c	133	SNV	G	D	7	2.242768767	0.002276325	356	97	0	4	1
Ciprofloxacin	Rv2917	-	PF04851 is changed	-	-	7	2.242768767	0.002276325	356	97	0	4	1
Ciprofloxacin	Rv0295c	-	PF09037 is changed	-	-	7	2.242768767	0.002276325	356	97	0	4	1
Ciprofloxacin	Rv1109c	119	SNV	S	P	7	2.242768767	0.002276325	356	97	0	4	1
Ciprofloxacin	Rv3719	-26	SNV	G	A	7	2.242768767	0.002276325	356	97	0	4	1
