Table S34. The features selected by the second iteration of HHS. The features whose values fully coincide on the given dataset split were unified and were treated as one feature during the selection process. All features were enumerated for each drug and the same IDs were assigned to the features constituting unified ones.													
Drug name	Gene	Position	Type of event	From	To	Feature ID	Coefficient in the model	P-value	Number of sensitive isolates in which the event hasn’t happened	Number of resistant isolates in which the event hasn’t happened	Number of sensitive isolates in which the event has happened	Number of resistant isolates in which the event had happened	Number of splits in which the feature was selected
Rifampicin	rpoB	435	SNV	D	G	0	3.460016443	0.003519639	1309	419	0	4	5
Rifampicin	rpoB	445	SNV	H	S	1	1.997435779	0.059539867	1309	421	0	2	4
Rifampicin	rpoB	432	SNV	Q	K	2	2.272119233	0.014489182	1309	420	0	3	4
Rifampicin	rpoB	450	SNV	S	L	3	6.978273356	1.03E-267	1.30E+03	82	8	341	4
Rifampicin	rpoB	433	Insertion	-	F	4	2.384594991	-	-	-	-	-	4
Rifampicin	eccC2	905	SNV	M	T	5	0.812081898	0.428912789	1308	422	1	1	4
Rifampicin	dnaJ2	-	PF00226 is changed	-	-	6	1.760752319	0.244226328	1309	422	0	1	3
Rifampicin	nmtR	-47	SNV	A	G	7	0.710315988	1	1308	423	1	0	3
Rifampicin	mshD	71	SNV	R	W	8	1.384225945	0.244226328	1309	422	0	1	3
Rifampicin	Rv3916c	-62	SNV	G	A	9	0.534559314	1	1309	423	0	0	3
Rifampicin	rpoB	445	SNV	H	P	10	2.088285877	1	1309	423	0	0	3
Rifampicin	lppN	-46	SNV	T	C	11	0.78045093	0.428912789	1308	422	1	1	3
Rifampicin	gmhB	-	Broken	-	-	12	0.537492086	1	1308	423	1	0	3
Rifampicin	suhB	263	Deletion	V	-	13	0.533159553	1	1309	423	0	0	3
Rifampicin	pflA	253	SNV	H	R	14	0.447280148	-	-	-	-	-	2
Rifampicin	betP	382	SNV	A	P	15	0.704512336	1	1308	423	1	0	2
Rifampicin	PE_PGRS44	351	SNV	S	A	16	1.455690873	1	1309	423	0	0	2
Rifampicin	esxN	32	SNV	V	I	17	0.447284444	1	1309	423	0	0	2
Rifampicin	fadD32	-76	SNV	G	A	18	0.713702659	1	1308	423	1	0	2
Rifampicin	Rv3856c	-	Broken	-	-	19	0.449778069	1	1309	423	0	0	2
Rifampicin	Rv3654c	74	SNV	A	V	20	0.713561823	1	1309	423	0	0	2
Rifampicin	Rv3491	-	Broken	-	-	21	0.70210469	-	-	-	-	-	2
Rifampicin	nlhH	94	SNV	L	P	22	0.950584394	-	-	-	-	-	2
Rifampicin	glpD1	-42	SNV	G	C	23	0.706635633	1	1309	423	0	0	2
Rifampicin	Rv2823c	-	Broken	-	-	24	0.45417742	0.428912789	1308	422	1	1	2
Rifampicin	fadE5	223	SNV	G	D	25	0.706608405	1	1309	423	0	0	2
Rifampicin	Rv2663	-	Broken	-	-	26	0.445231966	-	-	-	-	-	2
Rifampicin	Rv0048c	-	PF08044 is changed	-	-	27	1.590511528	0.568548563	1307	422	2	1	2
Rifampicin	Rv0552	233	SNV	G	R	28	1.398446185	1	1309	423	0	0	2
Rifampicin	Rv1356c	206	SNV	A	T	29	1.753253132	0.428912789	1308	422	1	1	2
Rifampicin	Rv2258c	-	Broken	-	-	30	0.711079458	-	-	-	-	-	2
Rifampicin	rpoB	435	SNV	D	Y	31	2.631292895	8.36E-06	1.31E+03	410	4	13	1
Rifampicin	thyA	97	SNV	Q	R	32	1.365551884	0.059539867	1309	421	0	2	1
Rifampicin	rpoC	332	SNV	G	S	33	2.060299658	0.244226328	1309	422	0	1	1
Rifampicin	groEL1	384	SNV	E	G	34	1.552572672	1	1309	423	0	0	1
Rifampicin	rpoB	450	SNV	S	F	35	3.765726126	0.244226328	1309	422	0	1	1
Rifampicin	hadA	61	SNV	C	S	36	1.779677678	0.428912789	1308	422	1	1	1
Rifampicin	hsd4B	-	PF01575 is changed	-	-	37	1.223277114	-	-	-	-	-	1
Rifampicin	infA	-	PF01176 is changed	-	-	38	0.584141023	0.568548563	1307	422	2	1	1
Rifampicin	rpoB	446	SNV	K	Q	39	2.114030355	0.244226328	1309	422	0	1	1
Rifampicin	ltp1	6	Deletion	S	-	40	0.190442086	1	1309	423	0	0	1
Rifampicin	mas	895	SNV	V	A	41	0.71797066	-	-	-	-	-	1
Rifampicin	parB	159	SNV	Q	E	42	1.462233942	0.244226328	1309	422	0	1	1
Rifampicin	metH	795	SNV	V	P	43	0.416637344	1	1307	423	2	0	1
Rifampicin	metH	794	Insertion	-	TANSASVGMPPNADV	43	0.416637344	1	1307	423	2	0	1
Rifampicin	mihF	-11	SNV	G	A	44	1.332745922	1	1309	423	0	0	1
Rifampicin	mmpL2	346	SNV	A	T	45	0.717969481	-	-	-	-	-	1
Rifampicin	rpoA	181	SNV	T	A	46	1.77921265	0.244226328	1309	422	0	1	1
Rifampicin	purN	132	SNV	A	V	47	0.709086712	0.244226328	1309	422	0	1	1
Rifampicin	ppsE	-	PF02801 is changed	-	-	48	0.70004408	1	1308	423	1	0	1
Rifampicin	pncA	14	SNV	C	G	49	1.779211683	0.014489182	1309	420	0	3	1
Rifampicin	msrA	-	Broken	-	-	50	0.717957236	-	-	-	-	-	1
Rifampicin	pks12	-	Broken	-	-	51	0.699985835	1	1308	423	1	0	1
Rifampicin	pks12	3511	SNV	H	Y	52	0.699984336	0.244226328	1309	422	0	1	1
Rifampicin	phoR	468	SNV	R	C	53	0.190436069	1	1306	422	3	1	1
Rifampicin	gid	137	SNV	R	P	54	1.441495539	-	-	-	-	-	1
Rifampicin	nrdB	253	SNV	P	L	55	1.462268838	1	1309	423	0	0	1
Rifampicin	MTS2823	189	SNV	G	A	55	1.462268838	1	1309	423	0	0	1
Rifampicin	dapB	67	SNV	D	E	55	1.462268838	1	1309	423	0	0	1
Rifampicin	Rv0200	-90	SNV	C	A	55	1.462268838	1	1309	423	0	0	1
Rifampicin	Rv2650c	170	SNV	D	Y	55	1.462268838	1	1309	423	0	0	1
Rifampicin	Rv3300c	-12	SNV	T	G	55	1.462268838	1	1309	423	0	0	1
Rifampicin	pks13	440	SNV	R	G	55	1.462268838	1	1309	423	0	0	1
Rifampicin	ilvN	118	SNV	V	L	55	1.462268838	1	1309	423	0	0	1
Rifampicin	PE_PGRS33	463	Deletion	GNG	-	56	0.791753444	0.244226328	1309	422	0	1	1
Rifampicin	gid	117	SNV	G	R	57	0.791746103	1	1309	423	0	0	1
Rifampicin	fadD36	30	SNV	S	R	58	0.699890351	1	1308	423	1	0	1
Rifampicin	Rv2566	1131	SNV	D	H	59	1.442002918	1	1308	423	1	0	1
Rifampicin	Rv2566	1044	SNV	P	S	60	0.190445113	-	-	-	-	-	1
Rifampicin	Rv2558	-	Broken	-	-	61	0.704149609	-	-	-	-	-	1
Rifampicin	Rv2513	-13	SNV	A	C	62	0.699978373	1	1308	423	1	0	1
Rifampicin	Rv2469c	-	PF14279 is changed	-	-	63	1.779148471	0.244226328	1309	422	0	1	1
Rifampicin	Rv2413c	288	SNV	N	D	64	0.190429239	-	-	-	-	-	1
Rifampicin	Rv2223c	-	Broken	-	-	65	1.991702782	0.149641239	1308	421	1	2	1
Rifampicin	Rv2118c	229	SNV	E	Q	66	0.190397544	0.428912789	1308	422	1	1	1
Rifampicin	PE26	250	SNV	Q	R	66	0.190397544	0.428912789	1308	422	1	1	1
Rifampicin	Rv3822	2	SNV	K	S	66	0.190397544	0.428912789	1308	422	1	1	1
Rifampicin	Rv2054	-	Broken	-	-	67	0.584231908	0.428912789	1308	422	1	1	1
Rifampicin	Rv1907c	158	SNV	V	A	68	0.709039332	1	1308	423	1	0	1
Rifampicin	Rv1824	-	PF06947 is changed	-	-	69	0.700002134	1	1308	423	1	0	1
Rifampicin	Rv1812c	165	SNV	T	A	70	0.190430589	-	-	-	-	-	1
Rifampicin	Rv1639c	-65	SNV	C	A	71	0.708954925	1	1307	423	2	0	1
Rifampicin	Rv0537c	54	SNV	T	I	72	1.462220045	1	1309	423	0	0	1
Rifampicin	Rv0147	-70	SNV	T	C	73	0.709187161	1	1309	423	0	0	1
Rifampicin	Rv0042c	2	SNV	S	G	74	0.699967181	-	-	-	-	-	1
Rifampicin	PPE52	26	Deletion	A	-	75	0.704062574	1	1309	423	0	0	1
Rifampicin	Rv2581c	-	PF00753 is changed	-	-	76	0.699974421	0.428912789	1308	422	1	1	1
Rifampicin	Rv2621c	212	SNV	C	R	77	0.71798422	1	1309	423	0	0	1
Rifampicin	Rv2675c	-	PF13649 is changed	-	-	78	1.365534015	0.601115889	1306	421	3	2	1
Rifampicin	arsB2	316	Deletion	LAAV	-	79	0.451832889	0.244226328	1309	422	0	1	1
Rifampicin	esxD	9	SNV	P	S	80	0.704140808	1	1309	423	0	0	1
Rifampicin	eccB4	205	SNV	D	N	81	0.709135861	1	1309	423	0	0	1
Rifampicin	cysE	165	SNV	G	R	82	0.718006574	1	1308	423	1	0	1
Rifampicin	cinA	-	Broken	-	-	83	0.190398645	1	1309	423	0	0	1
Rifampicin	cfp29	-	Broken	-	-	84	0.791706524	1	1308	423	1	0	1
Rifampicin	blaI	9	SNV	D	G	85	1.435457688	-	-	-	-	-	1
Rifampicin	bioF2	252	SNV	L	F	86	1.145208865	1	1309	423	0	0	1
Rifampicin	ahpC	-54	SNV	C	T	87	1.036479088	1	1309	423	0	0	1
Rifampicin	Rv2700	-63	SNV	C	T	88	0.718029091	1	1309	423	0	0	1
Rifampicin	acpA	83	SNV	G	R	89	1.999843273	0.244226328	1309	422	0	1	1
Rifampicin	Rv3896c	-46	SNV	G	A	90	0.704137666	0.428912789	1308	422	1	1	1
Rifampicin	Rv3822	2	SNV	K	S	91	0.717703385	0.428912789	1308	422	1	1	1
Rifampicin	PE26	250	SNV	Q	R	91	0.717703385	0.428912789	1308	422	1	1	1
Rifampicin	Rv2118c	229	SNV	E	Q	91	0.717703385	0.428912789	1308	422	1	1	1
Rifampicin	Rv3421c	97	SNV	P	L	92	0.71798691	-	-	-	-	-	1
Rifampicin	Rv3074	107	SNV	E	A	93	0.582873563	-	-	-	-	-	1
Rifampicin	Rv2949c	-	Broken	-	-	94	0.700000979	1	1309	423	0	0	1
Rifampicin	Rv2708c	26	SNV	T	P	95	1.448867892	1	1309	423	0	0	1
Rifampicin	vapB9	-10	SNV	A	G	96	0.560246237	1	1306	422	3	1	1
Isoniazid	katG	-	PF00141 is changed	-	-	0	6.440465354	0	1289	79	10	471	3
Isoniazid	ahpC	-54	SNV	C	T	1	1.870454395	1	1299	550	0	0	1
Isoniazid	katG	138	SNV	N	H	2	2.584745371	1	1298	550	1	0	1
Isoniazid	katG	315	SNV	S	N	3	4.801980092	1.10E-08	1.30E+03	535	0	15	1
Isoniazid	katG	315	SNV	S	T	4	7.131775325	0.00E+00	1.30E+03	115	3	435	1
Isoniazid	rpsC	-	PF07650 is changed	-	-	5	1.607901478	1	1299	550	0	0	1
Pyrazinamide	pncA	-	PF00857 is changed	-	-	0	3.886216303	3.77E-70	1.10E+03	54	64	106	5
Pyrazinamide	Rv2706c	28	Deletion	AVA	-	1	2.116955145	0.113067728	1164	158	3	2	2
Pyrazinamide	PPE32	-	PF12484 is changed	-	-	2	1.827143984	0.01431837	1165	157	2	3	1
Pyrazinamide	lpqH	-	Broken	-	-	3	2.226182858	0.073567985	1165	158	2	2	1
Pyrazinamide	recG	-	PF00271 is changed	-	-	4	2.737648371	0.12057272	1167	159	0	1	1
Ethambutol	embB	1002	SNV	H	R	0	2.768570521	0.150306749	1662	293	0	1	5
Ethambutol	embB	306	SNV	M	L	1	3.294249222	0.012036125	1659	290	3	4	5
Ethambutol	embB	306	SNV	M	V	2	3.874474266	2.53E-63	1.64E+03	197	24	97	5
Ethambutol	embB	306	SNV	M	I	3	3.338354245	9.85E-39	1.62E+03	216	42	78	3
Ethambutol	embB	328	SNV	D	Y	4	3.027199535	0.022526791	1662	292	0	2	2
Ethambutol	embB	497	SNV	Q	R	5	2.992818931	2.09E-06	1.65E+03	280	11	14	2
Ethambutol	pncA	14	SNV	C	G	6	2.386845615	0.150306749	1662	293	0	1	2
Ethambutol	embB	319	SNV	Y	S	7	1.821580984	1	1661	294	1	0	1
Ethambutol	embB	497	SNV	Q	K	8	2.495595164	0.026586645	1660	291	2	3	1
Streptomycin	rrs	514	SNV	A	C	0	2.64883823	9.56E-08	5.37E+02	275	6	26	4
Streptomycin	rpsL	88	SNV	K	R	1	3.880179298	5.77E-11	5.42E+02	276	1	25	3
Streptomycin	Rv1465	-	PF01592 is changed	-	-	2	1.012506526	0.290611414	542	299	1	2	3
Streptomycin	vapB28	-	PF07704 is changed	-	-	3	1.721064879	0.356635071	543	300	0	1	2
Streptomycin	rrs	906	SNV	A	G	4	1.664454006	0.015969712	543	297	0	4	2
Streptomycin	espB	-	Broken	-	-	5	1.536561478	0.356635071	543	300	0	1	2
Streptomycin	rplP	-	PF00252 is changed	-	-	6	0.973413281	1	541	300	2	1	2
Streptomycin	rpoC	1040	SNV	P	R	7	1.244172239	0.126916395	543	299	0	2	2
Streptomycin	rpoB	45	SNV	P	L	8	1.599293905	0.126916395	543	299	0	2	2
Streptomycin	thrA	-	PF00742 is changed	-	-	9	1.250775623	1	543	301	0	0	2
Streptomycin	Rv0339c	-	Broken	-	-	10	1.291570597	0.356635071	543	300	0	1	2
Streptomycin	PPE5	-	PF01469_10_1 is changed	-	-	11	1.634472373	1	541	300	2	1	2
Streptomycin	ethA	137	SNV	C	Y	12	1.520268606	0.126916395	543	299	0	2	2
Streptomycin	tig	-	PF05698 is changed	-	-	13	1.346311528	0.356635071	543	300	0	1	1
Streptomycin	fadE27	-	PF00441 is changed	-	-	14	1.734093731	0.290611414	542	299	1	2	1
Streptomycin	rpoA	184	SNV	E	D	15	1.568581839	0.356635071	543	300	0	1	1
Streptomycin	ubiA	173	SNV	S	A	16	1.536092225	0.356635071	543	300	0	1	1
Streptomycin	purH	-	PF01808 is changed	-	-	17	1.145861211	0.704659791	539	298	4	3	1
Streptomycin	pknK	-	Broken	-	-	18	1.204680585	0.356635071	543	300	0	1	1
Streptomycin	murX	-	PF00953 is changed	-	-	19	1.016485796	0.540562649	541	301	2	0	1
Streptomycin	moaC2	-	PF01967 is changed	-	-	20	1.279313903	1	543	301	0	0	1
Streptomycin	kdpE	-	Broken	-	-	21	1.204661261	1	543	301	0	0	1
Streptomycin	hadA	-	PF13452 is changed	-	-	22	1.515149485	0.354523645	541	298	2	3	1
Streptomycin	gid	75	SNV	P	R	23	1.504505291	1	543	301	0	0	1
Streptomycin	PE_PGRS59	-	PF00934 is changed	-	-	24	1.536097181	0.356635071	543	300	0	1	1
Streptomycin	PPE18	158	Deletion	AT	-	25	1.277474277	0.356635071	543	300	0	1	1
Streptomycin	embA	-16	SNV	C	T	26	2.347519144	0.016827812	539	292	4	9	1
Streptomycin	Rv0302	-	PF13977 is changed	-	-	27	1.585916735	1	543	301	0	0	1
Streptomycin	Rv0393	-31	Deletion	GTGGGCCTTT	T	28	0.815326374	1	536	297	7	4	1
Streptomycin	Rv0647c	-	PF03109 is changed	-	-	29	1.05608725	0.290611414	542	299	1	2	1
Streptomycin	Rv2028c	-	PF00582 is changed	-	-	30	1.099397853	0.540562649	541	301	2	0	1
Streptomycin	Rv2060	-	PF00950 is changed	-	-	31	1.658559352	0.364745046	537	295	6	6	1
Streptomycin	Rv2327	-	PF01047 is changed	-	-	32	1.067594852	1	543	301	0	0	1
Streptomycin	Rv2571c	-	Broken	-	-	33	0.967928055	0.126916395	543	299	0	2	1
Streptomycin	Rv2655c	390	Deletion	VSA	-	34	1.286021408	1	542	300	1	1	1
Streptomycin	Rv3114	-	PF00383 is changed	-	-	35	1.240525519	0.356635071	543	300	0	1	1
Streptomycin	Rv3189	102	SNV	H	R	36	1.845968053	0.045068886	543	298	0	3	1
Streptomycin	Rv3587c	239	Deletion	P	-	37	0.886854793	0.704659791	539	298	4	3	1
Streptomycin	Rv3714c	-	Broken	-	-	38	1.504507185	0.356635071	543	300	0	1	1
Streptomycin	Rv3736	142	Deletion	ALGV	-	39	1.575549424	1	542	301	1	0	1
Streptomycin	ahpC	-48	SNV	G	A	40	2.144497005	0.126916395	543	299	0	2	1
Streptomycin	bpoC	-	PF12697 is changed	-	-	41	1.847832881	0.001992067	543	295	0	6	1
Streptomycin	embB	1002	SNV	H	R	42	1.87691186	0.045068886	543	298	0	3	1
Kanamycin	rpoC	-	PF00623 is changed	-	-	0	1.662298575	0.064824223	26	8	1	3	3
Kanamycin	dnaB	-	PF14528 is changed	-	-	1	1.805366752	1	27	11	0	0	2
Kanamycin	PE2	-	PF08237 is changed	-	-	2	1.739640146	0.289473684	27	10	0	1	1
Kanamycin	Rv1726	-	PF01565 is changed	-	-	3	2.12867375	0.078236131	27	9	0	2	1
Kanamycin	Rv3087	-	PF03007 is changed	-	-	4	2.40036191	-	-	-	-	-	1
Kanamycin	bpoB	-	PF12697 is changed	-	-	5	1.463387103	1	26	11	1	0	1
Kanamycin	csp	-	PF08310 is changed	-	-	6	1.741466694	0.289473684	27	10	0	1	1
Kanamycin	esxL	33	SNV	R	S	7	0.998890059	1	25	11	2	0	1
Kanamycin	lldD2	3	SNV	V	I	8	1.8995109	0.078236131	27	9	0	2	1
Kanamycin	mbtA	-	PF00501 is changed	-	-	9	1.495261723	1	26	11	1	0	1
Kanamycin	nuoN	-	PF00361 is changed	-	-	10	1.763148271	1	27	11	0	0	1
Kanamycin	rplA	-	PF00687 is changed	-	-	11	1.324644431	0.289473684	27	10	0	1	1
Amikacin	Rv2168c	-52	Insertion	G	ATATCGCCGACAGCCGGTGACGACCCGGCTG	0	1.45025174	1	58	17	2	0	3
Amikacin	mbtA	-	PF00501 is changed	-	-	1	1.875922824	1	60	17	0	0	3
Amikacin	Rv1830	-	PF13411 is changed	-	-	2	0.94274518	0.395078606	59	16	1	1	2
Amikacin	Rv3479	-	PF11856 is changed	-	-	3	1.672863495	1	57	16	3	1	2
Amikacin	embA	-12	SNV	C	T	4	1.196154053	0.009295967	60	14	0	3	2
Amikacin	metK	-	PF02772 is changed	-	-	5	0.902138346	0.21430105	54	13	6	4	2
Amikacin	PPE26	-	PF00823 is changed	-	-	6	1.690646972	0.304006693	57	15	3	2	1
Amikacin	Rv2280	-	PF02913 is changed	-	-	7	1.956440846	0.220779221	60	16	0	1	1
Amikacin	fadE35	-	PF02770 is changed	-	-	8	1.36363975	0.395078606	59	16	1	1	1
Amikacin	inhA	94	SNV	S	A	9	0.754960465	0.676425181	53	16	7	1	1
Amikacin	metH	-	PF00809 is changed	-	-	10	2.335757695	0.532194122	58	16	2	1	1
Amikacin	mmpL9	-	PF03176_1 is changed	-	-	11	1.397077402	0.220779221	60	16	0	1	1
Amikacin	pgi	-	PF00342 is changed	-	-	12	1.671658211	1	59	17	1	0	1
Amikacin	pks11	-	PF02797 is changed	-	-	13	1.591633701	0.220779221	60	16	0	1	1
Amikacin	pta	-	PF01515 is changed	-	-	14	1.347121043	0.395078606	59	16	1	1	1
Amikacin	rrs	514	SNV	A	C	15	1.591185183	0.120847574	59	15	1	2	1
Capreomycin	nanT	-	PF07690 is changed	-	-	0	0.936396621	1	117	31	0	0	3
Capreomycin	Rv2752c	-	PF12706 is changed	-	-	1	1.695652292	0.042746828	117	29	0	2	3
Capreomycin	Rv1986	-	PF01810 is changed	-	-	2	1.435524134	1	116	31	1	0	3
Capreomycin	cyp123	192	SNV	M	A	3	1.145706953	0.376172091	116	30	1	1	2
Capreomycin	cyp142	-	PF00067 is changed	-	-	4	1.696309798	0.001639604	117	27	0	4	2
Capreomycin	embA	-12	SNV	C	T	5	1.151763492	1	117	31	0	0	2
Capreomycin	hbhA	161	Deletion	KK	-	6	1.378248573	0.02904442	116	28	1	3	2
Capreomycin	Rv1927	-	PF09844 is changed	-	-	7	0.893892661	0.243015131	110	27	7	4	1
Capreomycin	thrC	-	PF00291 is changed	-	-	8	0.480734149	0.121634437	107	31	10	0	1
Capreomycin	rpoC	-	PF04998 is changed	-	-	9	1.570152636	0.000332225	116	25	1	6	1
Capreomycin	ndh	-	PF07992 is changed	-	-	10	1.692253125	-	-	-	-	-	1
Capreomycin	embB	497	SNV	Q	R	11	0.372624916	1	113	30	4	1	1
Capreomycin	lysX	-	PF09924 is changed	-	-	12	1.211982552	0.008490808	117	28	0	3	1
Capreomycin	fadD24	-	PF00501 is changed	-	-	13	1.697489181	0.001639604	117	27	0	4	1
Capreomycin	dctA	-	PF00375 is changed	-	-	14	1.00947247	1	115	31	2	0	1
Capreomycin	Rv3466	56	SNV	A	T	15	0.881865182	0.111258869	116	29	1	2	1
Capreomycin	virS	-	PF12833 is changed	-	-	16	0.793470241	0.518906159	106	27	11	4	1
Ofloxacin	ald	-	PF01262 is changed	-	-	0	1.772577149	1	129	41	0	0	5
Ofloxacin	embA	-16	SNV	C	T	1	1.959661657	1	128	41	1	0	5
Ofloxacin	gyrB	-	PF01751 is changed	-	-	2	1.943093565	0.09131754	127	38	2	3	4
Ofloxacin	hbhA	161	Deletion	KK	-	3	1.303080383	0.595183375	126	39	3	2	3
Ofloxacin	Rv0345	-	PF12804 is changed	-	-	4	1.086914833	0.425269753	128	40	1	1	2
Ofloxacin	Rv0526	-	PF00578 is changed	-	-	5	0.844866176	0.241176471	129	40	0	1	1
Ofloxacin	Rv3239c	-	PF01734 is changed	-	-	6	0.520688548	0.245533397	127	39	2	2	1
Ofloxacin	alr	-	PF01168 is changed	-	-	7	1.391905902	0.144746656	128	39	1	2	1
Ofloxacin	fadD24	-	PF00501 is changed	-	-	8	1.326370691	0.057083188	129	39	0	2	1
Ofloxacin	murA	-	PF00275 is changed	-	-	9	1.09765431	0.057083188	129	39	0	2	1
Ofloxacin	ndh	-	PF07992 is changed	-	-	10	1.878647359	1	128	41	1	0	1
Moxifloxacin	embA	-12	SNV	C	T	0	1.314542857	1	112	31	3	0	4
Moxifloxacin	mdh	-	PF02866 is changed	-	-	1	1.51956921	1	115	31	0	0	3
Moxifloxacin	rpoC	527	SNV	L	V	2	1.299998818	0.04393009	115	29	0	2	3
Moxifloxacin	rocA	-	PF00171 is changed	-	-	3	0.862333277	-	-	-	-	-	3
Moxifloxacin	fadA2	-	PF02803 is changed	-	-	4	1.235753135	0.212328767	115	30	0	1	2
Moxifloxacin	accA2	-	PF02786 is changed	-	-	5	0.787467605	-	-	-	-	-	2
Moxifloxacin	embA	-16	SNV	C	T	6	0.871628699	1	114	31	1	0	2
Moxifloxacin	espG1	-	PF14011 is changed	-	-	7	1.405619008	0.380727445	114	30	1	1	2
Moxifloxacin	fadD21	-	PF00501 is changed	-	-	8	1.524431555	1	115	31	0	0	2
Moxifloxacin	mtn	-	PF01048 is changed	-	-	9	1.029427983	-	-	-	-	-	2
Moxifloxacin	metB	-	PF01053 is changed	-	-	10	0.854569797	-	-	-	-	-	2
Moxifloxacin	Rv2989	-	PF01614 is changed	-	-	11	0.916392281	1	115	31	0	0	2
Moxifloxacin	mutT3	-	PF00293 is changed	-	-	12	0.228590445	-	-	-	-	-	2
Moxifloxacin	omt	-	PF04072 is changed	-	-	13	0.618020109	1	114	31	1	0	2
Moxifloxacin	pks2	-	PF16197 is changed	-	-	14	1.524324707	-	-	-	-	-	2
Moxifloxacin	pks2	-	PF02801 is changed	-	-	14	1.524324707	-	-	-	-	-	2
Moxifloxacin	rsfA	-	PF01740 is changed	-	-	15	0.506290656	0.212328767	115	30	0	1	2
Moxifloxacin	Rv3312c	-	PF12697 is changed	-	-	16	0.826159513	1	115	31	0	0	2
Moxifloxacin	sigK	-	PF04542 is changed	-	-	17	0.280630043	1	114	31	1	0	2
Moxifloxacin	Rv2237	-	PF09995 is changed	-	-	18	1.404430915	0.380727445	114	30	1	1	2
Moxifloxacin	Rv1990A	-39	Deletion	GC	C	19	0.192625767	1	114	31	1	0	2
Moxifloxacin	Rv0052	-	PF01965 is changed	-	-	20	0.761932348	1	114	31	1	0	2
Moxifloxacin	Rv0010c	-78	SNV	T	C	21	0.911865703	-	-	-	-	-	1
Moxifloxacin	murA	-	PF00275 is changed	-	-	22	1.924998949	0.114096205	114	29	1	2	1
Moxifloxacin	Rv0128	-	PF06912 is changed	-	-	23	1.478359868	-	-	-	-	-	1
Moxifloxacin	nagA	-	PF01979 is changed	-	-	24	0.911882198	1	115	31	0	0	1
Moxifloxacin	nrdE	401	SNV	I	V	25	0.901258279	0.380727445	114	30	1	1	1
Moxifloxacin	nrp	-	PF00501_1 is changed	-	-	26	1.478290354	-	-	-	-	-	1
Moxifloxacin	phoR	-	PF00672 is changed	-	-	27	1.148589678	0.6075284	111	29	4	2	1
Moxifloxacin	pknH	-	PF00069 is changed	-	-	28	0.359713511	-	-	-	-	-	1
Moxifloxacin	pks2	-	PF00550 is changed	-	-	29	0.712073031	-	-	-	-	-	1
Moxifloxacin	pks2	-	PF02801 is changed	-	-	30	1.538749501	-	-	-	-	-	1
Moxifloxacin	pks2	-	PF16197 is changed	-	-	30	1.538749501	-	-	-	-	-	1
Moxifloxacin	pks2	-	PF16197 is changed	-	-	31	0.696542134	-	-	-	-	-	1
Moxifloxacin	Rv2300c	-	PF00753 is changed	-	-	32	0.807610811	1	113	31	2	0	1
Moxifloxacin	Rv0669c	-	PF04734 is changed	-	-	33	1.330516836	0.212328767	115	30	0	1	1
Moxifloxacin	pyrR	-	PF00156 is changed	-	-	34	0.311849518	1	115	31	0	0	1
Moxifloxacin	recB	-	PF12705 is changed	-	-	35	1.4894784	-	-	-	-	-	1
Moxifloxacin	PPE46	325	SNV	L	V	36	0.254478127	-	-	-	-	-	1
Moxifloxacin	rpoB	435	SNV	D	Y	37	2.022466223	0.198001141	113	29	2	2	1
Moxifloxacin	rpoB	-	PF04563 is changed	-	-	38	0.295066273	0.212328767	115	30	0	1	1
Moxifloxacin	rpoC	483	SNV	V	G	39	2.016698275	0.036015241	110	26	5	5	1
Moxifloxacin	rpoC	485	SNV	D	N	40	1.260980852	1	114	31	1	0	1
Moxifloxacin	PPE35	-	PF01469_2 is changed	-	-	41	0.295074311	-	-	-	-	-	1
Moxifloxacin	rpoC	-	PF04997 is changed	-	-	42	0.743033612	0.514043064	113	30	2	1	1
Moxifloxacin	PPE35	558	Deletion	LSIPSVTVPPITIPAGTALGAFNLPT	-	43	0.359708472	-	-	-	-	-	1
Moxifloxacin	ppsD	-	PF14765 is changed	-	-	44	0.72076987	1	113	31	2	0	1
Moxifloxacin	mshB	-	PF02585 is changed	-	-	45	0.311388165	1	114	31	1	0	1
Moxifloxacin	mmaA1	-	PF02353 is changed	-	-	46	0.911846665	-	-	-	-	-	1
Moxifloxacin	mez	-	PF00390 is changed	-	-	47	1.798706598	1	115	31	0	0	1
Moxifloxacin	Rv3645	-	PF00211 is changed	-	-	48	0.958512721	0.212328767	115	30	0	1	1
Moxifloxacin	Rv3729	-	PF04055 is changed	-	-	49	1.832238817	0.04393009	115	29	0	2	1
Moxifloxacin	Rv3788	-	PF01272 is changed	-	-	50	0.720786249	-	-	-	-	-	1
Moxifloxacin	ald	-	PF01262 is changed	-	-	51	1.294219492	-	-	-	-	-	1
Moxifloxacin	alr	113	SNV	L	R	52	1.442117602	0.04393009	115	29	0	2	1
Moxifloxacin	carB	922	SNV	H	D	53	0.311831798	1	114	31	1	0	1
Moxifloxacin	csp	-	PF01510 is changed	-	-	54	0.905414164	0.212328767	115	30	0	1	1
Moxifloxacin	cyp123	191	Insertion	-	LRKPCATTR	55	0.988360384	1	115	31	0	0	1
Moxifloxacin	Rv1375	-	PF02624 is changed	-	-	56	0.348440461	1	112	30	3	1	1
Moxifloxacin	Rv1372	-	PF02797 is changed	-	-	57	0.931449669	1	115	31	0	0	1
Moxifloxacin	embB	406	SNV	G	D	58	0.807662492	0.114096205	114	29	1	2	1
Moxifloxacin	epiA	-	PF01370 is changed	-	-	59	0.958642603	-	-	-	-	-	1
Moxifloxacin	Rv1371	-	PF00487 is changed	-	-	60	0.622697688	1	114	31	1	0	1
Moxifloxacin	esxL	48	SNV	A	V	61	0.285884047	-	-	-	-	-	1
Moxifloxacin	PPE18	165	SNV	T	A	62	0.931468386	1	115	31	0	0	1
Moxifloxacin	PPE18	158	SNV	A	T	62	0.931468386	1	115	31	0	0	1
Moxifloxacin	PPE18	164	SNV	A	E	62	0.931468386	1	115	31	0	0	1
Moxifloxacin	Rv1200	-	PF00083 is changed	-	-	63	0.334816041	-	-	-	-	-	1
Moxifloxacin	gmdA	-	PF16363 is changed	-	-	64	1.478352901	0.04393009	115	29	0	2	1
Moxifloxacin	lpdA	-	PF02852 is changed	-	-	65	1.754489011	1	114	31	1	0	1
Moxifloxacin	Rv1003	-	PF00590 is changed	-	-	66	0.98834057	1	115	31	0	0	1
Moxifloxacin	menH	-	PF01209 is changed	-	-	67	1.478360356	1	115	31	0	0	1
Moxifloxacin	Rv0750	11	SNV	H	E	68	0.434360081	1	113	31	2	0	1
Moxifloxacin	Rv0750	9	SNV	V	Y	68	0.434360081	1	113	31	2	0	1
Moxifloxacin	Rv0750	7	SNV	D	N	68	0.434360081	1	113	31	2	0	1
Moxifloxacin	PE_PGRS34	299	SNV	G	D	69	0.359707821	-	-	-	-	-	1
Ciprofloxacin	rpoC	-	PF00623 is changed	-	-	0	2.095948711	0.029374729	38	8	1	3	3
Ciprofloxacin	ethA	-	PF13450 is changed	-	-	1	2.101477912	1	39	11	0	0	2
Ciprofloxacin	Rv0111	-	PF01757 is changed	-	-	2	1.712506252	0.22	39	10	0	1	1
Ciprofloxacin	Rv0492c	-	PF00732 is changed	-	-	3	2.260599679	0.395102041	38	10	1	1	1
Ciprofloxacin	Rv0785	-	PF00890 is changed	-	-	4	1.680534154	0.044897959	0	2	39	9	1
Ciprofloxacin	ald	-	PF01262 is changed	-	-	5	1.751196348	0.044897959	39	9	0	2	1
Ciprofloxacin	cyp138	-	PF00067 is changed	-	-	6	1.479811821	-	-	-	-	-	1
Ciprofloxacin	embB	306	SNV	M	V	7	1.475708773	0.033804678	36	7	3	4	1
Ethionamide	ethA	-	PF00743 is changed	-	-	0	2.26329355	0.062259682	35	21	0	3	4
Ethionamide	gnd1	-	PF00393 is changed	-	-	1	1.17926267	0.062259682	35	21	0	3	3
Ethionamide	dnaB	-	PF14890 is changed	-	-	2	0.896399305	0.406779661	35	23	0	1	2
Ethionamide	ethA	-	Broken	-	-	3	1.405366917	1	34	23	1	1	2
Ethionamide	Rv0008c	-	PF10814 is changed	-	-	4	1.191082243	0.161309176	35	22	0	2	1
Ethionamide	Rv2456c	-	PF07690 is changed	-	-	5	0.969615358	0.406779661	35	23	0	1	1
Ethionamide	Rv2611c	-	PF03279 is changed	-	-	6	1.492734939	-	-	-	-	-	1
Ethionamide	accA2	-	PF00289 is changed	-	-	7	1.206756982	1	34	23	1	1	1
Ethionamide	alr	-	PF01168 is changed	-	-	8	0.959152395	0.147620659	34	20	1	4	1
Ethionamide	lpqW	-	PF00496 is changed	-	-	9	1.662124703	-	-	-	-	-	1
Ethionamide	rpoB	-	PF00562 is changed	-	-	10	1.142378581	0.161309176	35	22	0	2	1
Ethionamide	rpoC	483	SNV	V	A	11	1.627038362	1	33	23	2	1	1
Prothionamide	nrdZ	-	PF02867 is changed	-	-	0	1.201917302	0.165935031	40	26	0	2	4
Prothionamide	Rv0566c	-	PF04461 is changed	-	-	1	1.066715393	0.220338814	38	24	2	4	3
Prothionamide	ndh	-	PF07992 is changed	-	-	2	1.573503521	1	39	28	1	0	3
Prothionamide	embA	-16	SNV	C	T	3	1.429165018	0.165935031	40	26	0	2	2
Prothionamide	gyrB	-	PF01751 is changed	-	-	4	0.976414794	0.411764706	40	27	0	1	2
Prothionamide	Rv0515	496	SNV	H	P	5	1.472408656	1	40	28	0	0	1
Prothionamide	Rv1945	328	SNV	H	N	6	1.534484707	0.258963087	37	23	3	5	1
Prothionamide	rpoC	-	PF05000 is changed	-	-	7	1.2530322	0.411764706	40	27	0	1	1
